Copyright 1986-2022 Xilinx, Inc. All Rights Reserved. Copyright 2022-2024 Advanced Micro Devices, Inc. All Rights Reserved.
------------------------------------------------------------------------------------------------------------------------------------------------------------------------------------------------------
| Tool Version : Vivado v.2024.2.1 (win64) Build 5266912 Sun Dec 15 09:03:24 MST 2024
| Date         : Mon Jun 16 13:27:24 2025
| Host         : funda19 running 64-bit major release  (build 9200)
| Command      : report_timing_summary -max_paths 10 -report_unconstrained -file Top_timing_summary_routed.rpt -pb Top_timing_summary_routed.pb -rpx Top_timing_summary_routed.rpx -warn_on_violation
| Design       : Top
| Device       : 7a35ti-cpg236
| Speed File   : -1L  PRODUCTION 1.23 2018-06-13
| Design State : Routed
------------------------------------------------------------------------------------------------------------------------------------------------------------------------------------------------------

Timing Summary Report

------------------------------------------------------------------------------------------------
| Timer Settings
| --------------
------------------------------------------------------------------------------------------------

  Enable Multi Corner Analysis               :  Yes
  Enable Pessimism Removal                   :  Yes
  Pessimism Removal Resolution               :  Nearest Common Node
  Enable Input Delay Default Clock           :  No
  Enable Preset / Clear Arcs                 :  No
  Disable Flight Delays                      :  No
  Ignore I/O Paths                           :  No
  Timing Early Launch at Borrowing Latches   :  No
  Borrow Time for Max Delay Exceptions       :  Yes
  Merge Timing Exceptions                    :  Yes
  Inter-SLR Compensation                     :  Conservative

  Corner  Analyze    Analyze    
  Name    Max Paths  Min Paths  
  ------  ---------  ---------  
  Slow    Yes        Yes        
  Fast    Yes        Yes        


------------------------------------------------------------------------------------------------
| Report Methodology
| ------------------
------------------------------------------------------------------------------------------------

Rule       Severity          Description                    Violations  
---------  ----------------  -----------------------------  ----------  
TIMING-17  Critical Warning  Non-clocked sequential cell    28          
TIMING-18  Warning           Missing input or output delay  20          

Note: This report is based on the most recent report_methodology run and may not be up-to-date. Run report_methodology on the current design for the latest report.



check_timing report

Table of Contents
-----------------
1. checking no_clock (28)
2. checking constant_clock (0)
3. checking pulse_width_clock (0)
4. checking unconstrained_internal_endpoints (40)
5. checking no_input_delay (7)
6. checking no_output_delay (13)
7. checking multiple_clock (0)
8. checking generated_clocks (0)
9. checking loops (0)
10. checking partial_input_delay (0)
11. checking partial_output_delay (0)
12. checking latch_loops (0)

1. checking no_clock (28)
-------------------------
 There are 28 register/latch pins with no clock driven by root clock pin: ldrs_inst/ADCclk_s_reg/Q (HIGH)


2. checking constant_clock (0)
------------------------------
 There are 0 register/latch pins with constant_clock.


3. checking pulse_width_clock (0)
---------------------------------
 There are 0 register/latch pins which need pulse_width check


4. checking unconstrained_internal_endpoints (40)
-------------------------------------------------
 There are 40 pins that are not constrained for maximum delay. (HIGH)

 There are 0 pins that are not constrained for maximum delay due to constant clock.


5. checking no_input_delay (7)
------------------------------
 There are 7 input ports with no input delay specified. (HIGH)

 There are 0 input ports with no input delay but user has a false path constraint.


6. checking no_output_delay (13)
--------------------------------
 There are 13 ports with no output delay specified. (HIGH)

 There are 0 ports with no output delay but user has a false path constraint

 There are 0 ports with no output delay but with a timing clock defined on it or propagating through it


7. checking multiple_clock (0)
------------------------------
 There are 0 register/latch pins with multiple clocks.


8. checking generated_clocks (0)
--------------------------------
 There are 0 generated clocks that are not connected to a clock source.


9. checking loops (0)
---------------------
 There are 0 combinational loops in the design.


10. checking partial_input_delay (0)
------------------------------------
 There are 0 input ports with partial input delay specified.


11. checking partial_output_delay (0)
-------------------------------------
 There are 0 ports with partial output delay specified.


12. checking latch_loops (0)
----------------------------
 There are 0 combinational latch loops in the design through latch input



------------------------------------------------------------------------------------------------
| Design Timing Summary
| ---------------------
------------------------------------------------------------------------------------------------

    WNS(ns)      TNS(ns)  TNS Failing Endpoints  TNS Total Endpoints      WHS(ns)      THS(ns)  THS Failing Endpoints  THS Total Endpoints     WPWS(ns)     TPWS(ns)  TPWS Failing Endpoints  TPWS Total Endpoints  
    -------      -------  ---------------------  -------------------      -------      -------  ---------------------  -------------------     --------     --------  ----------------------  --------------------  
      4.172        0.000                      0                  276        0.232        0.000                      0                  276        4.500        0.000                       0                   213  


All user specified timing constraints are met.


------------------------------------------------------------------------------------------------
| Clock Summary
| -------------
------------------------------------------------------------------------------------------------

Clock        Waveform(ns)       Period(ns)      Frequency(MHz)
-----        ------------       ----------      --------------
sys_clk_pin  {0.000 5.000}      10.000          100.000         


------------------------------------------------------------------------------------------------
| Intra Clock Table
| -----------------
------------------------------------------------------------------------------------------------

Clock             WNS(ns)      TNS(ns)  TNS Failing Endpoints  TNS Total Endpoints      WHS(ns)      THS(ns)  THS Failing Endpoints  THS Total Endpoints     WPWS(ns)     TPWS(ns)  TPWS Failing Endpoints  TPWS Total Endpoints  
-----             -------      -------  ---------------------  -------------------      -------      -------  ---------------------  -------------------     --------     --------  ----------------------  --------------------  
sys_clk_pin         4.172        0.000                      0                  276        0.232        0.000                      0                  276        4.500        0.000                       0                   213  


------------------------------------------------------------------------------------------------
| Inter Clock Table
| -----------------
------------------------------------------------------------------------------------------------

From Clock    To Clock          WNS(ns)      TNS(ns)  TNS Failing Endpoints  TNS Total Endpoints      WHS(ns)      THS(ns)  THS Failing Endpoints  THS Total Endpoints  
----------    --------          -------      -------  ---------------------  -------------------      -------      -------  ---------------------  -------------------  


------------------------------------------------------------------------------------------------
| Other Path Groups Table
| -----------------------
------------------------------------------------------------------------------------------------

Path Group    From Clock    To Clock          WNS(ns)      TNS(ns)  TNS Failing Endpoints  TNS Total Endpoints      WHS(ns)      THS(ns)  THS Failing Endpoints  THS Total Endpoints  
----------    ----------    --------          -------      -------  ---------------------  -------------------      -------      -------  ---------------------  -------------------  


------------------------------------------------------------------------------------------------
| User Ignored Path Table
| -----------------------
------------------------------------------------------------------------------------------------

Path Group    From Clock    To Clock    
----------    ----------    --------    


------------------------------------------------------------------------------------------------
| Unconstrained Path Table
| ------------------------
------------------------------------------------------------------------------------------------

Path Group    From Clock    To Clock    
----------    ----------    --------    
(none)                                    
(none)        sys_clk_pin                 
(none)                      sys_clk_pin   


------------------------------------------------------------------------------------------------
| Timing Details
| --------------
------------------------------------------------------------------------------------------------


---------------------------------------------------------------------------------------------------
From Clock:  sys_clk_pin
  To Clock:  sys_clk_pin

Setup :            0  Failing Endpoints,  Worst Slack        4.172ns,  Total Violation        0.000ns
Hold  :            0  Failing Endpoints,  Worst Slack        0.232ns,  Total Violation        0.000ns
PW    :            0  Failing Endpoints,  Worst Slack        4.500ns,  Total Violation        0.000ns
---------------------------------------------------------------------------------------------------


Max Delay Paths
--------------------------------------------------------------------------------------
Slack (MET) :             4.172ns  (required time - arrival time)
  Source:                 motores_inst/motor1_controller/pulse_length_reg[9]/C
                            (rising edge-triggered cell FDCE clocked by sys_clk_pin  {rise@0.000ns fall@5.000ns period=10.000ns})
  Destination:            motores_inst/motor1_controller/pulse_length_reg[15]/D
                            (rising edge-triggered cell FDCE clocked by sys_clk_pin  {rise@0.000ns fall@5.000ns period=10.000ns})
  Path Group:             sys_clk_pin
  Path Type:              Setup (Max at Slow Process Corner)
  Requirement:            10.000ns  (sys_clk_pin rise@10.000ns - sys_clk_pin rise@0.000ns)
  Data Path Delay:        5.831ns  (logic 2.758ns (47.299%)  route 3.073ns (52.701%))
  Logic Levels:           8  (CARRY4=6 LUT2=1 LUT4=1)
  Clock Path Skew:        -0.024ns (DCD - SCD + CPR)
    Destination Clock Delay (DCD):    4.784ns = ( 14.784 - 10.000 ) 
    Source Clock Delay      (SCD):    5.079ns
    Clock Pessimism Removal (CPR):    0.271ns
  Clock Uncertainty:      0.035ns  ((TSJ^2 + TIJ^2)^1/2 + DJ) / 2 + PE
    Total System Jitter     (TSJ):    0.071ns
    Total Input Jitter      (TIJ):    0.000ns
    Discrete Jitter          (DJ):    0.000ns
    Phase Error              (PE):    0.000ns

    Location             Delay type                Incr(ns)  Path(ns)    Netlist Resource(s)
  -------------------------------------------------------------------    -------------------
                         (clock sys_clk_pin rise edge)
                                                      0.000     0.000 r  
    W5                                                0.000     0.000 r  clk (IN)
                         net (fo=0)                   0.000     0.000    clk
    W5                   IBUF (Prop_ibuf_I_O)         1.458     1.458 r  clk_IBUF_inst/O
                         net (fo=1, routed)           1.967     3.425    clk_IBUF
    BUFGCTRL_X0Y0        BUFG (Prop_bufg_I_O)         0.096     3.521 r  clk_IBUF_BUFG_inst/O
                         net (fo=212, routed)         1.558     5.079    motores_inst/motor1_controller/CLK
    SLICE_X57Y91         FDCE                                         r  motores_inst/motor1_controller/pulse_length_reg[9]/C
  -------------------------------------------------------------------    -------------------
    SLICE_X57Y91         FDCE (Prop_fdce_C_Q)         0.456     5.535 f  motores_inst/motor1_controller/pulse_length_reg[9]/Q
                         net (fo=7, routed)           0.929     6.463    motores_inst/motor1_controller/pulse_length_reg[9]
    SLICE_X58Y91         LUT2 (Prop_lut2_I1_O)        0.124     6.587 r  motores_inst/motor1_controller/pulse_length2_carry_i_6__0/O
                         net (fo=1, routed)           0.000     6.587    motores_inst/motor1_controller/pulse_length2_carry_i_6__0_n_0
    SLICE_X58Y91         CARRY4 (Prop_carry4_S[1]_CO[3])
                                                      0.550     7.137 r  motores_inst/motor1_controller/pulse_length2_carry/CO[3]
                         net (fo=1, routed)           0.000     7.137    motores_inst/motor1_controller/pulse_length2_carry_n_0
    SLICE_X58Y92         CARRY4 (Prop_carry4_CI_CO[1])
                                                      0.157     7.294 f  motores_inst/motor1_controller/pulse_length2_carry__0/CO[1]
                         net (fo=33, routed)          1.600     8.894    ldrs_inst/pulse_length_reg[5][0]
    SLICE_X57Y89         LUT4 (Prop_lut4_I3_O)        0.329     9.223 r  ldrs_inst/pulse_length[2]_i_4__0/O
                         net (fo=1, routed)           0.544     9.768    motores_inst/motor1_controller/pulse_length_reg[5]_0
    SLICE_X57Y90         CARRY4 (Prop_carry4_CYINIT_CO[3])
                                                      0.580    10.348 r  motores_inst/motor1_controller/pulse_length_reg[2]_i_2__0/CO[3]
                         net (fo=1, routed)           0.000    10.348    motores_inst/motor1_controller/pulse_length_reg[2]_i_2__0_n_0
    SLICE_X57Y91         CARRY4 (Prop_carry4_CI_CO[3])
                                                      0.114    10.462 r  motores_inst/motor1_controller/pulse_length_reg[6]_i_1__0/CO[3]
                         net (fo=1, routed)           0.000    10.462    motores_inst/motor1_controller/pulse_length_reg[6]_i_1__0_n_0
    SLICE_X57Y92         CARRY4 (Prop_carry4_CI_CO[3])
                                                      0.114    10.576 r  motores_inst/motor1_controller/pulse_length_reg[10]_i_1__0/CO[3]
                         net (fo=1, routed)           0.000    10.576    motores_inst/motor1_controller/pulse_length_reg[10]_i_1__0_n_0
    SLICE_X57Y93         CARRY4 (Prop_carry4_CI_O[1])
                                                      0.334    10.910 r  motores_inst/motor1_controller/pulse_length_reg[14]_i_1__0/O[1]
                         net (fo=1, routed)           0.000    10.910    motores_inst/motor1_controller/pulse_length_reg[14]_i_1__0_n_6
    SLICE_X57Y93         FDCE                                         r  motores_inst/motor1_controller/pulse_length_reg[15]/D
  -------------------------------------------------------------------    -------------------

                         (clock sys_clk_pin rise edge)
                                                     10.000    10.000 r  
    W5                                                0.000    10.000 r  clk (IN)
                         net (fo=0)                   0.000    10.000    clk
    W5                   IBUF (Prop_ibuf_I_O)         1.388    11.388 r  clk_IBUF_inst/O
                         net (fo=1, routed)           1.862    13.250    clk_IBUF
    BUFGCTRL_X0Y0        BUFG (Prop_bufg_I_O)         0.091    13.341 r  clk_IBUF_BUFG_inst/O
                         net (fo=212, routed)         1.443    14.784    motores_inst/motor1_controller/CLK
    SLICE_X57Y93         FDCE                                         r  motores_inst/motor1_controller/pulse_length_reg[15]/C
                         clock pessimism              0.271    15.055    
                         clock uncertainty           -0.035    15.020    
    SLICE_X57Y93         FDCE (Setup_fdce_C_D)        0.062    15.082    motores_inst/motor1_controller/pulse_length_reg[15]
  -------------------------------------------------------------------
                         required time                         15.082    
                         arrival time                         -10.910    
  -------------------------------------------------------------------
                         slack                                  4.172    

Slack (MET) :             4.193ns  (required time - arrival time)
  Source:                 motores_inst/motor1_controller/pulse_length_reg[9]/C
                            (rising edge-triggered cell FDCE clocked by sys_clk_pin  {rise@0.000ns fall@5.000ns period=10.000ns})
  Destination:            motores_inst/motor1_controller/pulse_length_reg[17]/D
                            (rising edge-triggered cell FDPE clocked by sys_clk_pin  {rise@0.000ns fall@5.000ns period=10.000ns})
  Path Group:             sys_clk_pin
  Path Type:              Setup (Max at Slow Process Corner)
  Requirement:            10.000ns  (sys_clk_pin rise@10.000ns - sys_clk_pin rise@0.000ns)
  Data Path Delay:        5.810ns  (logic 2.737ns (47.109%)  route 3.073ns (52.891%))
  Logic Levels:           8  (CARRY4=6 LUT2=1 LUT4=1)
  Clock Path Skew:        -0.024ns (DCD - SCD + CPR)
    Destination Clock Delay (DCD):    4.784ns = ( 14.784 - 10.000 ) 
    Source Clock Delay      (SCD):    5.079ns
    Clock Pessimism Removal (CPR):    0.271ns
  Clock Uncertainty:      0.035ns  ((TSJ^2 + TIJ^2)^1/2 + DJ) / 2 + PE
    Total System Jitter     (TSJ):    0.071ns
    Total Input Jitter      (TIJ):    0.000ns
    Discrete Jitter          (DJ):    0.000ns
    Phase Error              (PE):    0.000ns

    Location             Delay type                Incr(ns)  Path(ns)    Netlist Resource(s)
  -------------------------------------------------------------------    -------------------
                         (clock sys_clk_pin rise edge)
                                                      0.000     0.000 r  
    W5                                                0.000     0.000 r  clk (IN)
                         net (fo=0)                   0.000     0.000    clk
    W5                   IBUF (Prop_ibuf_I_O)         1.458     1.458 r  clk_IBUF_inst/O
                         net (fo=1, routed)           1.967     3.425    clk_IBUF
    BUFGCTRL_X0Y0        BUFG (Prop_bufg_I_O)         0.096     3.521 r  clk_IBUF_BUFG_inst/O
                         net (fo=212, routed)         1.558     5.079    motores_inst/motor1_controller/CLK
    SLICE_X57Y91         FDCE                                         r  motores_inst/motor1_controller/pulse_length_reg[9]/C
  -------------------------------------------------------------------    -------------------
    SLICE_X57Y91         FDCE (Prop_fdce_C_Q)         0.456     5.535 f  motores_inst/motor1_controller/pulse_length_reg[9]/Q
                         net (fo=7, routed)           0.929     6.463    motores_inst/motor1_controller/pulse_length_reg[9]
    SLICE_X58Y91         LUT2 (Prop_lut2_I1_O)        0.124     6.587 r  motores_inst/motor1_controller/pulse_length2_carry_i_6__0/O
                         net (fo=1, routed)           0.000     6.587    motores_inst/motor1_controller/pulse_length2_carry_i_6__0_n_0
    SLICE_X58Y91         CARRY4 (Prop_carry4_S[1]_CO[3])
                                                      0.550     7.137 r  motores_inst/motor1_controller/pulse_length2_carry/CO[3]
                         net (fo=1, routed)           0.000     7.137    motores_inst/motor1_controller/pulse_length2_carry_n_0
    SLICE_X58Y92         CARRY4 (Prop_carry4_CI_CO[1])
                                                      0.157     7.294 f  motores_inst/motor1_controller/pulse_length2_carry__0/CO[1]
                         net (fo=33, routed)          1.600     8.894    ldrs_inst/pulse_length_reg[5][0]
    SLICE_X57Y89         LUT4 (Prop_lut4_I3_O)        0.329     9.223 r  ldrs_inst/pulse_length[2]_i_4__0/O
                         net (fo=1, routed)           0.544     9.768    motores_inst/motor1_controller/pulse_length_reg[5]_0
    SLICE_X57Y90         CARRY4 (Prop_carry4_CYINIT_CO[3])
                                                      0.580    10.348 r  motores_inst/motor1_controller/pulse_length_reg[2]_i_2__0/CO[3]
                         net (fo=1, routed)           0.000    10.348    motores_inst/motor1_controller/pulse_length_reg[2]_i_2__0_n_0
    SLICE_X57Y91         CARRY4 (Prop_carry4_CI_CO[3])
                                                      0.114    10.462 r  motores_inst/motor1_controller/pulse_length_reg[6]_i_1__0/CO[3]
                         net (fo=1, routed)           0.000    10.462    motores_inst/motor1_controller/pulse_length_reg[6]_i_1__0_n_0
    SLICE_X57Y92         CARRY4 (Prop_carry4_CI_CO[3])
                                                      0.114    10.576 r  motores_inst/motor1_controller/pulse_length_reg[10]_i_1__0/CO[3]
                         net (fo=1, routed)           0.000    10.576    motores_inst/motor1_controller/pulse_length_reg[10]_i_1__0_n_0
    SLICE_X57Y93         CARRY4 (Prop_carry4_CI_O[3])
                                                      0.313    10.889 r  motores_inst/motor1_controller/pulse_length_reg[14]_i_1__0/O[3]
                         net (fo=1, routed)           0.000    10.889    motores_inst/motor1_controller/pulse_length_reg[14]_i_1__0_n_4
    SLICE_X57Y93         FDPE                                         r  motores_inst/motor1_controller/pulse_length_reg[17]/D
  -------------------------------------------------------------------    -------------------

                         (clock sys_clk_pin rise edge)
                                                     10.000    10.000 r  
    W5                                                0.000    10.000 r  clk (IN)
                         net (fo=0)                   0.000    10.000    clk
    W5                   IBUF (Prop_ibuf_I_O)         1.388    11.388 r  clk_IBUF_inst/O
                         net (fo=1, routed)           1.862    13.250    clk_IBUF
    BUFGCTRL_X0Y0        BUFG (Prop_bufg_I_O)         0.091    13.341 r  clk_IBUF_BUFG_inst/O
                         net (fo=212, routed)         1.443    14.784    motores_inst/motor1_controller/CLK
    SLICE_X57Y93         FDPE                                         r  motores_inst/motor1_controller/pulse_length_reg[17]/C
                         clock pessimism              0.271    15.055    
                         clock uncertainty           -0.035    15.020    
    SLICE_X57Y93         FDPE (Setup_fdpe_C_D)        0.062    15.082    motores_inst/motor1_controller/pulse_length_reg[17]
  -------------------------------------------------------------------
                         required time                         15.082    
                         arrival time                         -10.889    
  -------------------------------------------------------------------
                         slack                                  4.193    

Slack (MET) :             4.267ns  (required time - arrival time)
  Source:                 motores_inst/motor1_controller/pulse_length_reg[9]/C
                            (rising edge-triggered cell FDCE clocked by sys_clk_pin  {rise@0.000ns fall@5.000ns period=10.000ns})
  Destination:            motores_inst/motor1_controller/pulse_length_reg[16]/D
                            (rising edge-triggered cell FDCE clocked by sys_clk_pin  {rise@0.000ns fall@5.000ns period=10.000ns})
  Path Group:             sys_clk_pin
  Path Type:              Setup (Max at Slow Process Corner)
  Requirement:            10.000ns  (sys_clk_pin rise@10.000ns - sys_clk_pin rise@0.000ns)
  Data Path Delay:        5.736ns  (logic 2.663ns (46.426%)  route 3.073ns (53.574%))
  Logic Levels:           8  (CARRY4=6 LUT2=1 LUT4=1)
  Clock Path Skew:        -0.024ns (DCD - SCD + CPR)
    Destination Clock Delay (DCD):    4.784ns = ( 14.784 - 10.000 ) 
    Source Clock Delay      (SCD):    5.079ns
    Clock Pessimism Removal (CPR):    0.271ns
  Clock Uncertainty:      0.035ns  ((TSJ^2 + TIJ^2)^1/2 + DJ) / 2 + PE
    Total System Jitter     (TSJ):    0.071ns
    Total Input Jitter      (TIJ):    0.000ns
    Discrete Jitter          (DJ):    0.000ns
    Phase Error              (PE):    0.000ns

    Location             Delay type                Incr(ns)  Path(ns)    Netlist Resource(s)
  -------------------------------------------------------------------    -------------------
                         (clock sys_clk_pin rise edge)
                                                      0.000     0.000 r  
    W5                                                0.000     0.000 r  clk (IN)
                         net (fo=0)                   0.000     0.000    clk
    W5                   IBUF (Prop_ibuf_I_O)         1.458     1.458 r  clk_IBUF_inst/O
                         net (fo=1, routed)           1.967     3.425    clk_IBUF
    BUFGCTRL_X0Y0        BUFG (Prop_bufg_I_O)         0.096     3.521 r  clk_IBUF_BUFG_inst/O
                         net (fo=212, routed)         1.558     5.079    motores_inst/motor1_controller/CLK
    SLICE_X57Y91         FDCE                                         r  motores_inst/motor1_controller/pulse_length_reg[9]/C
  -------------------------------------------------------------------    -------------------
    SLICE_X57Y91         FDCE (Prop_fdce_C_Q)         0.456     5.535 f  motores_inst/motor1_controller/pulse_length_reg[9]/Q
                         net (fo=7, routed)           0.929     6.463    motores_inst/motor1_controller/pulse_length_reg[9]
    SLICE_X58Y91         LUT2 (Prop_lut2_I1_O)        0.124     6.587 r  motores_inst/motor1_controller/pulse_length2_carry_i_6__0/O
                         net (fo=1, routed)           0.000     6.587    motores_inst/motor1_controller/pulse_length2_carry_i_6__0_n_0
    SLICE_X58Y91         CARRY4 (Prop_carry4_S[1]_CO[3])
                                                      0.550     7.137 r  motores_inst/motor1_controller/pulse_length2_carry/CO[3]
                         net (fo=1, routed)           0.000     7.137    motores_inst/motor1_controller/pulse_length2_carry_n_0
    SLICE_X58Y92         CARRY4 (Prop_carry4_CI_CO[1])
                                                      0.157     7.294 f  motores_inst/motor1_controller/pulse_length2_carry__0/CO[1]
                         net (fo=33, routed)          1.600     8.894    ldrs_inst/pulse_length_reg[5][0]
    SLICE_X57Y89         LUT4 (Prop_lut4_I3_O)        0.329     9.223 r  ldrs_inst/pulse_length[2]_i_4__0/O
                         net (fo=1, routed)           0.544     9.768    motores_inst/motor1_controller/pulse_length_reg[5]_0
    SLICE_X57Y90         CARRY4 (Prop_carry4_CYINIT_CO[3])
                                                      0.580    10.348 r  motores_inst/motor1_controller/pulse_length_reg[2]_i_2__0/CO[3]
                         net (fo=1, routed)           0.000    10.348    motores_inst/motor1_controller/pulse_length_reg[2]_i_2__0_n_0
    SLICE_X57Y91         CARRY4 (Prop_carry4_CI_CO[3])
                                                      0.114    10.462 r  motores_inst/motor1_controller/pulse_length_reg[6]_i_1__0/CO[3]
                         net (fo=1, routed)           0.000    10.462    motores_inst/motor1_controller/pulse_length_reg[6]_i_1__0_n_0
    SLICE_X57Y92         CARRY4 (Prop_carry4_CI_CO[3])
                                                      0.114    10.576 r  motores_inst/motor1_controller/pulse_length_reg[10]_i_1__0/CO[3]
                         net (fo=1, routed)           0.000    10.576    motores_inst/motor1_controller/pulse_length_reg[10]_i_1__0_n_0
    SLICE_X57Y93         CARRY4 (Prop_carry4_CI_O[2])
                                                      0.239    10.815 r  motores_inst/motor1_controller/pulse_length_reg[14]_i_1__0/O[2]
                         net (fo=1, routed)           0.000    10.815    motores_inst/motor1_controller/pulse_length_reg[14]_i_1__0_n_5
    SLICE_X57Y93         FDCE                                         r  motores_inst/motor1_controller/pulse_length_reg[16]/D
  -------------------------------------------------------------------    -------------------

                         (clock sys_clk_pin rise edge)
                                                     10.000    10.000 r  
    W5                                                0.000    10.000 r  clk (IN)
                         net (fo=0)                   0.000    10.000    clk
    W5                   IBUF (Prop_ibuf_I_O)         1.388    11.388 r  clk_IBUF_inst/O
                         net (fo=1, routed)           1.862    13.250    clk_IBUF
    BUFGCTRL_X0Y0        BUFG (Prop_bufg_I_O)         0.091    13.341 r  clk_IBUF_BUFG_inst/O
                         net (fo=212, routed)         1.443    14.784    motores_inst/motor1_controller/CLK
    SLICE_X57Y93         FDCE                                         r  motores_inst/motor1_controller/pulse_length_reg[16]/C
                         clock pessimism              0.271    15.055    
                         clock uncertainty           -0.035    15.020    
    SLICE_X57Y93         FDCE (Setup_fdce_C_D)        0.062    15.082    motores_inst/motor1_controller/pulse_length_reg[16]
  -------------------------------------------------------------------
                         required time                         15.082    
                         arrival time                         -10.815    
  -------------------------------------------------------------------
                         slack                                  4.267    

Slack (MET) :             4.283ns  (required time - arrival time)
  Source:                 motores_inst/motor1_controller/pulse_length_reg[9]/C
                            (rising edge-triggered cell FDCE clocked by sys_clk_pin  {rise@0.000ns fall@5.000ns period=10.000ns})
  Destination:            motores_inst/motor1_controller/pulse_length_reg[14]/D
                            (rising edge-triggered cell FDPE clocked by sys_clk_pin  {rise@0.000ns fall@5.000ns period=10.000ns})
  Path Group:             sys_clk_pin
  Path Type:              Setup (Max at Slow Process Corner)
  Requirement:            10.000ns  (sys_clk_pin rise@10.000ns - sys_clk_pin rise@0.000ns)
  Data Path Delay:        5.720ns  (logic 2.647ns (46.276%)  route 3.073ns (53.723%))
  Logic Levels:           8  (CARRY4=6 LUT2=1 LUT4=1)
  Clock Path Skew:        -0.024ns (DCD - SCD + CPR)
    Destination Clock Delay (DCD):    4.784ns = ( 14.784 - 10.000 ) 
    Source Clock Delay      (SCD):    5.079ns
    Clock Pessimism Removal (CPR):    0.271ns
  Clock Uncertainty:      0.035ns  ((TSJ^2 + TIJ^2)^1/2 + DJ) / 2 + PE
    Total System Jitter     (TSJ):    0.071ns
    Total Input Jitter      (TIJ):    0.000ns
    Discrete Jitter          (DJ):    0.000ns
    Phase Error              (PE):    0.000ns

    Location             Delay type                Incr(ns)  Path(ns)    Netlist Resource(s)
  -------------------------------------------------------------------    -------------------
                         (clock sys_clk_pin rise edge)
                                                      0.000     0.000 r  
    W5                                                0.000     0.000 r  clk (IN)
                         net (fo=0)                   0.000     0.000    clk
    W5                   IBUF (Prop_ibuf_I_O)         1.458     1.458 r  clk_IBUF_inst/O
                         net (fo=1, routed)           1.967     3.425    clk_IBUF
    BUFGCTRL_X0Y0        BUFG (Prop_bufg_I_O)         0.096     3.521 r  clk_IBUF_BUFG_inst/O
                         net (fo=212, routed)         1.558     5.079    motores_inst/motor1_controller/CLK
    SLICE_X57Y91         FDCE                                         r  motores_inst/motor1_controller/pulse_length_reg[9]/C
  -------------------------------------------------------------------    -------------------
    SLICE_X57Y91         FDCE (Prop_fdce_C_Q)         0.456     5.535 f  motores_inst/motor1_controller/pulse_length_reg[9]/Q
                         net (fo=7, routed)           0.929     6.463    motores_inst/motor1_controller/pulse_length_reg[9]
    SLICE_X58Y91         LUT2 (Prop_lut2_I1_O)        0.124     6.587 r  motores_inst/motor1_controller/pulse_length2_carry_i_6__0/O
                         net (fo=1, routed)           0.000     6.587    motores_inst/motor1_controller/pulse_length2_carry_i_6__0_n_0
    SLICE_X58Y91         CARRY4 (Prop_carry4_S[1]_CO[3])
                                                      0.550     7.137 r  motores_inst/motor1_controller/pulse_length2_carry/CO[3]
                         net (fo=1, routed)           0.000     7.137    motores_inst/motor1_controller/pulse_length2_carry_n_0
    SLICE_X58Y92         CARRY4 (Prop_carry4_CI_CO[1])
                                                      0.157     7.294 f  motores_inst/motor1_controller/pulse_length2_carry__0/CO[1]
                         net (fo=33, routed)          1.600     8.894    ldrs_inst/pulse_length_reg[5][0]
    SLICE_X57Y89         LUT4 (Prop_lut4_I3_O)        0.329     9.223 r  ldrs_inst/pulse_length[2]_i_4__0/O
                         net (fo=1, routed)           0.544     9.768    motores_inst/motor1_controller/pulse_length_reg[5]_0
    SLICE_X57Y90         CARRY4 (Prop_carry4_CYINIT_CO[3])
                                                      0.580    10.348 r  motores_inst/motor1_controller/pulse_length_reg[2]_i_2__0/CO[3]
                         net (fo=1, routed)           0.000    10.348    motores_inst/motor1_controller/pulse_length_reg[2]_i_2__0_n_0
    SLICE_X57Y91         CARRY4 (Prop_carry4_CI_CO[3])
                                                      0.114    10.462 r  motores_inst/motor1_controller/pulse_length_reg[6]_i_1__0/CO[3]
                         net (fo=1, routed)           0.000    10.462    motores_inst/motor1_controller/pulse_length_reg[6]_i_1__0_n_0
    SLICE_X57Y92         CARRY4 (Prop_carry4_CI_CO[3])
                                                      0.114    10.576 r  motores_inst/motor1_controller/pulse_length_reg[10]_i_1__0/CO[3]
                         net (fo=1, routed)           0.000    10.576    motores_inst/motor1_controller/pulse_length_reg[10]_i_1__0_n_0
    SLICE_X57Y93         CARRY4 (Prop_carry4_CI_O[0])
                                                      0.223    10.799 r  motores_inst/motor1_controller/pulse_length_reg[14]_i_1__0/O[0]
                         net (fo=1, routed)           0.000    10.799    motores_inst/motor1_controller/pulse_length_reg[14]_i_1__0_n_7
    SLICE_X57Y93         FDPE                                         r  motores_inst/motor1_controller/pulse_length_reg[14]/D
  -------------------------------------------------------------------    -------------------

                         (clock sys_clk_pin rise edge)
                                                     10.000    10.000 r  
    W5                                                0.000    10.000 r  clk (IN)
                         net (fo=0)                   0.000    10.000    clk
    W5                   IBUF (Prop_ibuf_I_O)         1.388    11.388 r  clk_IBUF_inst/O
                         net (fo=1, routed)           1.862    13.250    clk_IBUF
    BUFGCTRL_X0Y0        BUFG (Prop_bufg_I_O)         0.091    13.341 r  clk_IBUF_BUFG_inst/O
                         net (fo=212, routed)         1.443    14.784    motores_inst/motor1_controller/CLK
    SLICE_X57Y93         FDPE                                         r  motores_inst/motor1_controller/pulse_length_reg[14]/C
                         clock pessimism              0.271    15.055    
                         clock uncertainty           -0.035    15.020    
    SLICE_X57Y93         FDPE (Setup_fdpe_C_D)        0.062    15.082    motores_inst/motor1_controller/pulse_length_reg[14]
  -------------------------------------------------------------------
                         required time                         15.082    
                         arrival time                         -10.799    
  -------------------------------------------------------------------
                         slack                                  4.283    

Slack (MET) :             4.285ns  (required time - arrival time)
  Source:                 motores_inst/motor1_controller/pulse_length_reg[9]/C
                            (rising edge-triggered cell FDCE clocked by sys_clk_pin  {rise@0.000ns fall@5.000ns period=10.000ns})
  Destination:            motores_inst/motor1_controller/pulse_length_reg[11]/D
                            (rising edge-triggered cell FDPE clocked by sys_clk_pin  {rise@0.000ns fall@5.000ns period=10.000ns})
  Path Group:             sys_clk_pin
  Path Type:              Setup (Max at Slow Process Corner)
  Requirement:            10.000ns  (sys_clk_pin rise@10.000ns - sys_clk_pin rise@0.000ns)
  Data Path Delay:        5.717ns  (logic 2.644ns (46.248%)  route 3.073ns (53.752%))
  Logic Levels:           7  (CARRY4=5 LUT2=1 LUT4=1)
  Clock Path Skew:        -0.025ns (DCD - SCD + CPR)
    Destination Clock Delay (DCD):    4.783ns = ( 14.783 - 10.000 ) 
    Source Clock Delay      (SCD):    5.079ns
    Clock Pessimism Removal (CPR):    0.271ns
  Clock Uncertainty:      0.035ns  ((TSJ^2 + TIJ^2)^1/2 + DJ) / 2 + PE
    Total System Jitter     (TSJ):    0.071ns
    Total Input Jitter      (TIJ):    0.000ns
    Discrete Jitter          (DJ):    0.000ns
    Phase Error              (PE):    0.000ns

    Location             Delay type                Incr(ns)  Path(ns)    Netlist Resource(s)
  -------------------------------------------------------------------    -------------------
                         (clock sys_clk_pin rise edge)
                                                      0.000     0.000 r  
    W5                                                0.000     0.000 r  clk (IN)
                         net (fo=0)                   0.000     0.000    clk
    W5                   IBUF (Prop_ibuf_I_O)         1.458     1.458 r  clk_IBUF_inst/O
                         net (fo=1, routed)           1.967     3.425    clk_IBUF
    BUFGCTRL_X0Y0        BUFG (Prop_bufg_I_O)         0.096     3.521 r  clk_IBUF_BUFG_inst/O
                         net (fo=212, routed)         1.558     5.079    motores_inst/motor1_controller/CLK
    SLICE_X57Y91         FDCE                                         r  motores_inst/motor1_controller/pulse_length_reg[9]/C
  -------------------------------------------------------------------    -------------------
    SLICE_X57Y91         FDCE (Prop_fdce_C_Q)         0.456     5.535 f  motores_inst/motor1_controller/pulse_length_reg[9]/Q
                         net (fo=7, routed)           0.929     6.463    motores_inst/motor1_controller/pulse_length_reg[9]
    SLICE_X58Y91         LUT2 (Prop_lut2_I1_O)        0.124     6.587 r  motores_inst/motor1_controller/pulse_length2_carry_i_6__0/O
                         net (fo=1, routed)           0.000     6.587    motores_inst/motor1_controller/pulse_length2_carry_i_6__0_n_0
    SLICE_X58Y91         CARRY4 (Prop_carry4_S[1]_CO[3])
                                                      0.550     7.137 r  motores_inst/motor1_controller/pulse_length2_carry/CO[3]
                         net (fo=1, routed)           0.000     7.137    motores_inst/motor1_controller/pulse_length2_carry_n_0
    SLICE_X58Y92         CARRY4 (Prop_carry4_CI_CO[1])
                                                      0.157     7.294 f  motores_inst/motor1_controller/pulse_length2_carry__0/CO[1]
                         net (fo=33, routed)          1.600     8.894    ldrs_inst/pulse_length_reg[5][0]
    SLICE_X57Y89         LUT4 (Prop_lut4_I3_O)        0.329     9.223 r  ldrs_inst/pulse_length[2]_i_4__0/O
                         net (fo=1, routed)           0.544     9.768    motores_inst/motor1_controller/pulse_length_reg[5]_0
    SLICE_X57Y90         CARRY4 (Prop_carry4_CYINIT_CO[3])
                                                      0.580    10.348 r  motores_inst/motor1_controller/pulse_length_reg[2]_i_2__0/CO[3]
                         net (fo=1, routed)           0.000    10.348    motores_inst/motor1_controller/pulse_length_reg[2]_i_2__0_n_0
    SLICE_X57Y91         CARRY4 (Prop_carry4_CI_CO[3])
                                                      0.114    10.462 r  motores_inst/motor1_controller/pulse_length_reg[6]_i_1__0/CO[3]
                         net (fo=1, routed)           0.000    10.462    motores_inst/motor1_controller/pulse_length_reg[6]_i_1__0_n_0
    SLICE_X57Y92         CARRY4 (Prop_carry4_CI_O[1])
                                                      0.334    10.796 r  motores_inst/motor1_controller/pulse_length_reg[10]_i_1__0/O[1]
                         net (fo=1, routed)           0.000    10.796    motores_inst/motor1_controller/pulse_length_reg[10]_i_1__0_n_6
    SLICE_X57Y92         FDPE                                         r  motores_inst/motor1_controller/pulse_length_reg[11]/D
  -------------------------------------------------------------------    -------------------

                         (clock sys_clk_pin rise edge)
                                                     10.000    10.000 r  
    W5                                                0.000    10.000 r  clk (IN)
                         net (fo=0)                   0.000    10.000    clk
    W5                   IBUF (Prop_ibuf_I_O)         1.388    11.388 r  clk_IBUF_inst/O
                         net (fo=1, routed)           1.862    13.250    clk_IBUF
    BUFGCTRL_X0Y0        BUFG (Prop_bufg_I_O)         0.091    13.341 r  clk_IBUF_BUFG_inst/O
                         net (fo=212, routed)         1.442    14.783    motores_inst/motor1_controller/CLK
    SLICE_X57Y92         FDPE                                         r  motores_inst/motor1_controller/pulse_length_reg[11]/C
                         clock pessimism              0.271    15.054    
                         clock uncertainty           -0.035    15.019    
    SLICE_X57Y92         FDPE (Setup_fdpe_C_D)        0.062    15.081    motores_inst/motor1_controller/pulse_length_reg[11]
  -------------------------------------------------------------------
                         required time                         15.081    
                         arrival time                         -10.796    
  -------------------------------------------------------------------
                         slack                                  4.285    

Slack (MET) :             4.306ns  (required time - arrival time)
  Source:                 motores_inst/motor1_controller/pulse_length_reg[9]/C
                            (rising edge-triggered cell FDCE clocked by sys_clk_pin  {rise@0.000ns fall@5.000ns period=10.000ns})
  Destination:            motores_inst/motor1_controller/pulse_length_reg[13]/D
                            (rising edge-triggered cell FDCE clocked by sys_clk_pin  {rise@0.000ns fall@5.000ns period=10.000ns})
  Path Group:             sys_clk_pin
  Path Type:              Setup (Max at Slow Process Corner)
  Requirement:            10.000ns  (sys_clk_pin rise@10.000ns - sys_clk_pin rise@0.000ns)
  Data Path Delay:        5.696ns  (logic 2.623ns (46.050%)  route 3.073ns (53.950%))
  Logic Levels:           7  (CARRY4=5 LUT2=1 LUT4=1)
  Clock Path Skew:        -0.025ns (DCD - SCD + CPR)
    Destination Clock Delay (DCD):    4.783ns = ( 14.783 - 10.000 ) 
    Source Clock Delay      (SCD):    5.079ns
    Clock Pessimism Removal (CPR):    0.271ns
  Clock Uncertainty:      0.035ns  ((TSJ^2 + TIJ^2)^1/2 + DJ) / 2 + PE
    Total System Jitter     (TSJ):    0.071ns
    Total Input Jitter      (TIJ):    0.000ns
    Discrete Jitter          (DJ):    0.000ns
    Phase Error              (PE):    0.000ns

    Location             Delay type                Incr(ns)  Path(ns)    Netlist Resource(s)
  -------------------------------------------------------------------    -------------------
                         (clock sys_clk_pin rise edge)
                                                      0.000     0.000 r  
    W5                                                0.000     0.000 r  clk (IN)
                         net (fo=0)                   0.000     0.000    clk
    W5                   IBUF (Prop_ibuf_I_O)         1.458     1.458 r  clk_IBUF_inst/O
                         net (fo=1, routed)           1.967     3.425    clk_IBUF
    BUFGCTRL_X0Y0        BUFG (Prop_bufg_I_O)         0.096     3.521 r  clk_IBUF_BUFG_inst/O
                         net (fo=212, routed)         1.558     5.079    motores_inst/motor1_controller/CLK
    SLICE_X57Y91         FDCE                                         r  motores_inst/motor1_controller/pulse_length_reg[9]/C
  -------------------------------------------------------------------    -------------------
    SLICE_X57Y91         FDCE (Prop_fdce_C_Q)         0.456     5.535 f  motores_inst/motor1_controller/pulse_length_reg[9]/Q
                         net (fo=7, routed)           0.929     6.463    motores_inst/motor1_controller/pulse_length_reg[9]
    SLICE_X58Y91         LUT2 (Prop_lut2_I1_O)        0.124     6.587 r  motores_inst/motor1_controller/pulse_length2_carry_i_6__0/O
                         net (fo=1, routed)           0.000     6.587    motores_inst/motor1_controller/pulse_length2_carry_i_6__0_n_0
    SLICE_X58Y91         CARRY4 (Prop_carry4_S[1]_CO[3])
                                                      0.550     7.137 r  motores_inst/motor1_controller/pulse_length2_carry/CO[3]
                         net (fo=1, routed)           0.000     7.137    motores_inst/motor1_controller/pulse_length2_carry_n_0
    SLICE_X58Y92         CARRY4 (Prop_carry4_CI_CO[1])
                                                      0.157     7.294 f  motores_inst/motor1_controller/pulse_length2_carry__0/CO[1]
                         net (fo=33, routed)          1.600     8.894    ldrs_inst/pulse_length_reg[5][0]
    SLICE_X57Y89         LUT4 (Prop_lut4_I3_O)        0.329     9.223 r  ldrs_inst/pulse_length[2]_i_4__0/O
                         net (fo=1, routed)           0.544     9.768    motores_inst/motor1_controller/pulse_length_reg[5]_0
    SLICE_X57Y90         CARRY4 (Prop_carry4_CYINIT_CO[3])
                                                      0.580    10.348 r  motores_inst/motor1_controller/pulse_length_reg[2]_i_2__0/CO[3]
                         net (fo=1, routed)           0.000    10.348    motores_inst/motor1_controller/pulse_length_reg[2]_i_2__0_n_0
    SLICE_X57Y91         CARRY4 (Prop_carry4_CI_CO[3])
                                                      0.114    10.462 r  motores_inst/motor1_controller/pulse_length_reg[6]_i_1__0/CO[3]
                         net (fo=1, routed)           0.000    10.462    motores_inst/motor1_controller/pulse_length_reg[6]_i_1__0_n_0
    SLICE_X57Y92         CARRY4 (Prop_carry4_CI_O[3])
                                                      0.313    10.775 r  motores_inst/motor1_controller/pulse_length_reg[10]_i_1__0/O[3]
                         net (fo=1, routed)           0.000    10.775    motores_inst/motor1_controller/pulse_length_reg[10]_i_1__0_n_4
    SLICE_X57Y92         FDCE                                         r  motores_inst/motor1_controller/pulse_length_reg[13]/D
  -------------------------------------------------------------------    -------------------

                         (clock sys_clk_pin rise edge)
                                                     10.000    10.000 r  
    W5                                                0.000    10.000 r  clk (IN)
                         net (fo=0)                   0.000    10.000    clk
    W5                   IBUF (Prop_ibuf_I_O)         1.388    11.388 r  clk_IBUF_inst/O
                         net (fo=1, routed)           1.862    13.250    clk_IBUF
    BUFGCTRL_X0Y0        BUFG (Prop_bufg_I_O)         0.091    13.341 r  clk_IBUF_BUFG_inst/O
                         net (fo=212, routed)         1.442    14.783    motores_inst/motor1_controller/CLK
    SLICE_X57Y92         FDCE                                         r  motores_inst/motor1_controller/pulse_length_reg[13]/C
                         clock pessimism              0.271    15.054    
                         clock uncertainty           -0.035    15.019    
    SLICE_X57Y92         FDCE (Setup_fdce_C_D)        0.062    15.081    motores_inst/motor1_controller/pulse_length_reg[13]
  -------------------------------------------------------------------
                         required time                         15.081    
                         arrival time                         -10.775    
  -------------------------------------------------------------------
                         slack                                  4.306    

Slack (MET) :             4.380ns  (required time - arrival time)
  Source:                 motores_inst/motor1_controller/pulse_length_reg[9]/C
                            (rising edge-triggered cell FDCE clocked by sys_clk_pin  {rise@0.000ns fall@5.000ns period=10.000ns})
  Destination:            motores_inst/motor1_controller/pulse_length_reg[12]/D
                            (rising edge-triggered cell FDCE clocked by sys_clk_pin  {rise@0.000ns fall@5.000ns period=10.000ns})
  Path Group:             sys_clk_pin
  Path Type:              Setup (Max at Slow Process Corner)
  Requirement:            10.000ns  (sys_clk_pin rise@10.000ns - sys_clk_pin rise@0.000ns)
  Data Path Delay:        5.622ns  (logic 2.549ns (45.340%)  route 3.073ns (54.660%))
  Logic Levels:           7  (CARRY4=5 LUT2=1 LUT4=1)
  Clock Path Skew:        -0.025ns (DCD - SCD + CPR)
    Destination Clock Delay (DCD):    4.783ns = ( 14.783 - 10.000 ) 
    Source Clock Delay      (SCD):    5.079ns
    Clock Pessimism Removal (CPR):    0.271ns
  Clock Uncertainty:      0.035ns  ((TSJ^2 + TIJ^2)^1/2 + DJ) / 2 + PE
    Total System Jitter     (TSJ):    0.071ns
    Total Input Jitter      (TIJ):    0.000ns
    Discrete Jitter          (DJ):    0.000ns
    Phase Error              (PE):    0.000ns

    Location             Delay type                Incr(ns)  Path(ns)    Netlist Resource(s)
  -------------------------------------------------------------------    -------------------
                         (clock sys_clk_pin rise edge)
                                                      0.000     0.000 r  
    W5                                                0.000     0.000 r  clk (IN)
                         net (fo=0)                   0.000     0.000    clk
    W5                   IBUF (Prop_ibuf_I_O)         1.458     1.458 r  clk_IBUF_inst/O
                         net (fo=1, routed)           1.967     3.425    clk_IBUF
    BUFGCTRL_X0Y0        BUFG (Prop_bufg_I_O)         0.096     3.521 r  clk_IBUF_BUFG_inst/O
                         net (fo=212, routed)         1.558     5.079    motores_inst/motor1_controller/CLK
    SLICE_X57Y91         FDCE                                         r  motores_inst/motor1_controller/pulse_length_reg[9]/C
  -------------------------------------------------------------------    -------------------
    SLICE_X57Y91         FDCE (Prop_fdce_C_Q)         0.456     5.535 f  motores_inst/motor1_controller/pulse_length_reg[9]/Q
                         net (fo=7, routed)           0.929     6.463    motores_inst/motor1_controller/pulse_length_reg[9]
    SLICE_X58Y91         LUT2 (Prop_lut2_I1_O)        0.124     6.587 r  motores_inst/motor1_controller/pulse_length2_carry_i_6__0/O
                         net (fo=1, routed)           0.000     6.587    motores_inst/motor1_controller/pulse_length2_carry_i_6__0_n_0
    SLICE_X58Y91         CARRY4 (Prop_carry4_S[1]_CO[3])
                                                      0.550     7.137 r  motores_inst/motor1_controller/pulse_length2_carry/CO[3]
                         net (fo=1, routed)           0.000     7.137    motores_inst/motor1_controller/pulse_length2_carry_n_0
    SLICE_X58Y92         CARRY4 (Prop_carry4_CI_CO[1])
                                                      0.157     7.294 f  motores_inst/motor1_controller/pulse_length2_carry__0/CO[1]
                         net (fo=33, routed)          1.600     8.894    ldrs_inst/pulse_length_reg[5][0]
    SLICE_X57Y89         LUT4 (Prop_lut4_I3_O)        0.329     9.223 r  ldrs_inst/pulse_length[2]_i_4__0/O
                         net (fo=1, routed)           0.544     9.768    motores_inst/motor1_controller/pulse_length_reg[5]_0
    SLICE_X57Y90         CARRY4 (Prop_carry4_CYINIT_CO[3])
                                                      0.580    10.348 r  motores_inst/motor1_controller/pulse_length_reg[2]_i_2__0/CO[3]
                         net (fo=1, routed)           0.000    10.348    motores_inst/motor1_controller/pulse_length_reg[2]_i_2__0_n_0
    SLICE_X57Y91         CARRY4 (Prop_carry4_CI_CO[3])
                                                      0.114    10.462 r  motores_inst/motor1_controller/pulse_length_reg[6]_i_1__0/CO[3]
                         net (fo=1, routed)           0.000    10.462    motores_inst/motor1_controller/pulse_length_reg[6]_i_1__0_n_0
    SLICE_X57Y92         CARRY4 (Prop_carry4_CI_O[2])
                                                      0.239    10.701 r  motores_inst/motor1_controller/pulse_length_reg[10]_i_1__0/O[2]
                         net (fo=1, routed)           0.000    10.701    motores_inst/motor1_controller/pulse_length_reg[10]_i_1__0_n_5
    SLICE_X57Y92         FDCE                                         r  motores_inst/motor1_controller/pulse_length_reg[12]/D
  -------------------------------------------------------------------    -------------------

                         (clock sys_clk_pin rise edge)
                                                     10.000    10.000 r  
    W5                                                0.000    10.000 r  clk (IN)
                         net (fo=0)                   0.000    10.000    clk
    W5                   IBUF (Prop_ibuf_I_O)         1.388    11.388 r  clk_IBUF_inst/O
                         net (fo=1, routed)           1.862    13.250    clk_IBUF
    BUFGCTRL_X0Y0        BUFG (Prop_bufg_I_O)         0.091    13.341 r  clk_IBUF_BUFG_inst/O
                         net (fo=212, routed)         1.442    14.783    motores_inst/motor1_controller/CLK
    SLICE_X57Y92         FDCE                                         r  motores_inst/motor1_controller/pulse_length_reg[12]/C
                         clock pessimism              0.271    15.054    
                         clock uncertainty           -0.035    15.019    
    SLICE_X57Y92         FDCE (Setup_fdce_C_D)        0.062    15.081    motores_inst/motor1_controller/pulse_length_reg[12]
  -------------------------------------------------------------------
                         required time                         15.081    
                         arrival time                         -10.701    
  -------------------------------------------------------------------
                         slack                                  4.380    

Slack (MET) :             4.396ns  (required time - arrival time)
  Source:                 motores_inst/motor1_controller/pulse_length_reg[9]/C
                            (rising edge-triggered cell FDCE clocked by sys_clk_pin  {rise@0.000ns fall@5.000ns period=10.000ns})
  Destination:            motores_inst/motor1_controller/pulse_length_reg[10]/D
                            (rising edge-triggered cell FDCE clocked by sys_clk_pin  {rise@0.000ns fall@5.000ns period=10.000ns})
  Path Group:             sys_clk_pin
  Path Type:              Setup (Max at Slow Process Corner)
  Requirement:            10.000ns  (sys_clk_pin rise@10.000ns - sys_clk_pin rise@0.000ns)
  Data Path Delay:        5.606ns  (logic 2.533ns (45.184%)  route 3.073ns (54.816%))
  Logic Levels:           7  (CARRY4=5 LUT2=1 LUT4=1)
  Clock Path Skew:        -0.025ns (DCD - SCD + CPR)
    Destination Clock Delay (DCD):    4.783ns = ( 14.783 - 10.000 ) 
    Source Clock Delay      (SCD):    5.079ns
    Clock Pessimism Removal (CPR):    0.271ns
  Clock Uncertainty:      0.035ns  ((TSJ^2 + TIJ^2)^1/2 + DJ) / 2 + PE
    Total System Jitter     (TSJ):    0.071ns
    Total Input Jitter      (TIJ):    0.000ns
    Discrete Jitter          (DJ):    0.000ns
    Phase Error              (PE):    0.000ns

    Location             Delay type                Incr(ns)  Path(ns)    Netlist Resource(s)
  -------------------------------------------------------------------    -------------------
                         (clock sys_clk_pin rise edge)
                                                      0.000     0.000 r  
    W5                                                0.000     0.000 r  clk (IN)
                         net (fo=0)                   0.000     0.000    clk
    W5                   IBUF (Prop_ibuf_I_O)         1.458     1.458 r  clk_IBUF_inst/O
                         net (fo=1, routed)           1.967     3.425    clk_IBUF
    BUFGCTRL_X0Y0        BUFG (Prop_bufg_I_O)         0.096     3.521 r  clk_IBUF_BUFG_inst/O
                         net (fo=212, routed)         1.558     5.079    motores_inst/motor1_controller/CLK
    SLICE_X57Y91         FDCE                                         r  motores_inst/motor1_controller/pulse_length_reg[9]/C
  -------------------------------------------------------------------    -------------------
    SLICE_X57Y91         FDCE (Prop_fdce_C_Q)         0.456     5.535 f  motores_inst/motor1_controller/pulse_length_reg[9]/Q
                         net (fo=7, routed)           0.929     6.463    motores_inst/motor1_controller/pulse_length_reg[9]
    SLICE_X58Y91         LUT2 (Prop_lut2_I1_O)        0.124     6.587 r  motores_inst/motor1_controller/pulse_length2_carry_i_6__0/O
                         net (fo=1, routed)           0.000     6.587    motores_inst/motor1_controller/pulse_length2_carry_i_6__0_n_0
    SLICE_X58Y91         CARRY4 (Prop_carry4_S[1]_CO[3])
                                                      0.550     7.137 r  motores_inst/motor1_controller/pulse_length2_carry/CO[3]
                         net (fo=1, routed)           0.000     7.137    motores_inst/motor1_controller/pulse_length2_carry_n_0
    SLICE_X58Y92         CARRY4 (Prop_carry4_CI_CO[1])
                                                      0.157     7.294 f  motores_inst/motor1_controller/pulse_length2_carry__0/CO[1]
                         net (fo=33, routed)          1.600     8.894    ldrs_inst/pulse_length_reg[5][0]
    SLICE_X57Y89         LUT4 (Prop_lut4_I3_O)        0.329     9.223 r  ldrs_inst/pulse_length[2]_i_4__0/O
                         net (fo=1, routed)           0.544     9.768    motores_inst/motor1_controller/pulse_length_reg[5]_0
    SLICE_X57Y90         CARRY4 (Prop_carry4_CYINIT_CO[3])
                                                      0.580    10.348 r  motores_inst/motor1_controller/pulse_length_reg[2]_i_2__0/CO[3]
                         net (fo=1, routed)           0.000    10.348    motores_inst/motor1_controller/pulse_length_reg[2]_i_2__0_n_0
    SLICE_X57Y91         CARRY4 (Prop_carry4_CI_CO[3])
                                                      0.114    10.462 r  motores_inst/motor1_controller/pulse_length_reg[6]_i_1__0/CO[3]
                         net (fo=1, routed)           0.000    10.462    motores_inst/motor1_controller/pulse_length_reg[6]_i_1__0_n_0
    SLICE_X57Y92         CARRY4 (Prop_carry4_CI_O[0])
                                                      0.223    10.685 r  motores_inst/motor1_controller/pulse_length_reg[10]_i_1__0/O[0]
                         net (fo=1, routed)           0.000    10.685    motores_inst/motor1_controller/pulse_length_reg[10]_i_1__0_n_7
    SLICE_X57Y92         FDCE                                         r  motores_inst/motor1_controller/pulse_length_reg[10]/D
  -------------------------------------------------------------------    -------------------

                         (clock sys_clk_pin rise edge)
                                                     10.000    10.000 r  
    W5                                                0.000    10.000 r  clk (IN)
                         net (fo=0)                   0.000    10.000    clk
    W5                   IBUF (Prop_ibuf_I_O)         1.388    11.388 r  clk_IBUF_inst/O
                         net (fo=1, routed)           1.862    13.250    clk_IBUF
    BUFGCTRL_X0Y0        BUFG (Prop_bufg_I_O)         0.091    13.341 r  clk_IBUF_BUFG_inst/O
                         net (fo=212, routed)         1.442    14.783    motores_inst/motor1_controller/CLK
    SLICE_X57Y92         FDCE                                         r  motores_inst/motor1_controller/pulse_length_reg[10]/C
                         clock pessimism              0.271    15.054    
                         clock uncertainty           -0.035    15.019    
    SLICE_X57Y92         FDCE (Setup_fdce_C_D)        0.062    15.081    motores_inst/motor1_controller/pulse_length_reg[10]
  -------------------------------------------------------------------
                         required time                         15.081    
                         arrival time                         -10.685    
  -------------------------------------------------------------------
                         slack                                  4.396    

Slack (MET) :             4.424ns  (required time - arrival time)
  Source:                 motores_inst/motor1_controller/pulse_length_reg[9]/C
                            (rising edge-triggered cell FDCE clocked by sys_clk_pin  {rise@0.000ns fall@5.000ns period=10.000ns})
  Destination:            motores_inst/motor1_controller/pulse_length_reg[7]/D
                            (rising edge-triggered cell FDPE clocked by sys_clk_pin  {rise@0.000ns fall@5.000ns period=10.000ns})
  Path Group:             sys_clk_pin
  Path Type:              Setup (Max at Slow Process Corner)
  Requirement:            10.000ns  (sys_clk_pin rise@10.000ns - sys_clk_pin rise@0.000ns)
  Data Path Delay:        5.603ns  (logic 2.530ns (45.155%)  route 3.073ns (54.845%))
  Logic Levels:           6  (CARRY4=4 LUT2=1 LUT4=1)
  Clock Path Skew:        0.000ns (DCD - SCD + CPR)
    Destination Clock Delay (DCD):    4.783ns = ( 14.783 - 10.000 ) 
    Source Clock Delay      (SCD):    5.079ns
    Clock Pessimism Removal (CPR):    0.296ns
  Clock Uncertainty:      0.035ns  ((TSJ^2 + TIJ^2)^1/2 + DJ) / 2 + PE
    Total System Jitter     (TSJ):    0.071ns
    Total Input Jitter      (TIJ):    0.000ns
    Discrete Jitter          (DJ):    0.000ns
    Phase Error              (PE):    0.000ns

    Location             Delay type                Incr(ns)  Path(ns)    Netlist Resource(s)
  -------------------------------------------------------------------    -------------------
                         (clock sys_clk_pin rise edge)
                                                      0.000     0.000 r  
    W5                                                0.000     0.000 r  clk (IN)
                         net (fo=0)                   0.000     0.000    clk
    W5                   IBUF (Prop_ibuf_I_O)         1.458     1.458 r  clk_IBUF_inst/O
                         net (fo=1, routed)           1.967     3.425    clk_IBUF
    BUFGCTRL_X0Y0        BUFG (Prop_bufg_I_O)         0.096     3.521 r  clk_IBUF_BUFG_inst/O
                         net (fo=212, routed)         1.558     5.079    motores_inst/motor1_controller/CLK
    SLICE_X57Y91         FDCE                                         r  motores_inst/motor1_controller/pulse_length_reg[9]/C
  -------------------------------------------------------------------    -------------------
    SLICE_X57Y91         FDCE (Prop_fdce_C_Q)         0.456     5.535 f  motores_inst/motor1_controller/pulse_length_reg[9]/Q
                         net (fo=7, routed)           0.929     6.463    motores_inst/motor1_controller/pulse_length_reg[9]
    SLICE_X58Y91         LUT2 (Prop_lut2_I1_O)        0.124     6.587 r  motores_inst/motor1_controller/pulse_length2_carry_i_6__0/O
                         net (fo=1, routed)           0.000     6.587    motores_inst/motor1_controller/pulse_length2_carry_i_6__0_n_0
    SLICE_X58Y91         CARRY4 (Prop_carry4_S[1]_CO[3])
                                                      0.550     7.137 r  motores_inst/motor1_controller/pulse_length2_carry/CO[3]
                         net (fo=1, routed)           0.000     7.137    motores_inst/motor1_controller/pulse_length2_carry_n_0
    SLICE_X58Y92         CARRY4 (Prop_carry4_CI_CO[1])
                                                      0.157     7.294 f  motores_inst/motor1_controller/pulse_length2_carry__0/CO[1]
                         net (fo=33, routed)          1.600     8.894    ldrs_inst/pulse_length_reg[5][0]
    SLICE_X57Y89         LUT4 (Prop_lut4_I3_O)        0.329     9.223 r  ldrs_inst/pulse_length[2]_i_4__0/O
                         net (fo=1, routed)           0.544     9.768    motores_inst/motor1_controller/pulse_length_reg[5]_0
    SLICE_X57Y90         CARRY4 (Prop_carry4_CYINIT_CO[3])
                                                      0.580    10.348 r  motores_inst/motor1_controller/pulse_length_reg[2]_i_2__0/CO[3]
                         net (fo=1, routed)           0.000    10.348    motores_inst/motor1_controller/pulse_length_reg[2]_i_2__0_n_0
    SLICE_X57Y91         CARRY4 (Prop_carry4_CI_O[1])
                                                      0.334    10.682 r  motores_inst/motor1_controller/pulse_length_reg[6]_i_1__0/O[1]
                         net (fo=1, routed)           0.000    10.682    motores_inst/motor1_controller/pulse_length_reg[6]_i_1__0_n_6
    SLICE_X57Y91         FDPE                                         r  motores_inst/motor1_controller/pulse_length_reg[7]/D
  -------------------------------------------------------------------    -------------------

                         (clock sys_clk_pin rise edge)
                                                     10.000    10.000 r  
    W5                                                0.000    10.000 r  clk (IN)
                         net (fo=0)                   0.000    10.000    clk
    W5                   IBUF (Prop_ibuf_I_O)         1.388    11.388 r  clk_IBUF_inst/O
                         net (fo=1, routed)           1.862    13.250    clk_IBUF
    BUFGCTRL_X0Y0        BUFG (Prop_bufg_I_O)         0.091    13.341 r  clk_IBUF_BUFG_inst/O
                         net (fo=212, routed)         1.442    14.783    motores_inst/motor1_controller/CLK
    SLICE_X57Y91         FDPE                                         r  motores_inst/motor1_controller/pulse_length_reg[7]/C
                         clock pessimism              0.296    15.079    
                         clock uncertainty           -0.035    15.044    
    SLICE_X57Y91         FDPE (Setup_fdpe_C_D)        0.062    15.106    motores_inst/motor1_controller/pulse_length_reg[7]
  -------------------------------------------------------------------
                         required time                         15.106    
                         arrival time                         -10.682    
  -------------------------------------------------------------------
                         slack                                  4.424    

Slack (MET) :             4.445ns  (required time - arrival time)
  Source:                 motores_inst/motor1_controller/pulse_length_reg[9]/C
                            (rising edge-triggered cell FDCE clocked by sys_clk_pin  {rise@0.000ns fall@5.000ns period=10.000ns})
  Destination:            motores_inst/motor1_controller/pulse_length_reg[9]/D
                            (rising edge-triggered cell FDCE clocked by sys_clk_pin  {rise@0.000ns fall@5.000ns period=10.000ns})
  Path Group:             sys_clk_pin
  Path Type:              Setup (Max at Slow Process Corner)
  Requirement:            10.000ns  (sys_clk_pin rise@10.000ns - sys_clk_pin rise@0.000ns)
  Data Path Delay:        5.582ns  (logic 2.509ns (44.948%)  route 3.073ns (55.052%))
  Logic Levels:           6  (CARRY4=4 LUT2=1 LUT4=1)
  Clock Path Skew:        0.000ns (DCD - SCD + CPR)
    Destination Clock Delay (DCD):    4.783ns = ( 14.783 - 10.000 ) 
    Source Clock Delay      (SCD):    5.079ns
    Clock Pessimism Removal (CPR):    0.296ns
  Clock Uncertainty:      0.035ns  ((TSJ^2 + TIJ^2)^1/2 + DJ) / 2 + PE
    Total System Jitter     (TSJ):    0.071ns
    Total Input Jitter      (TIJ):    0.000ns
    Discrete Jitter          (DJ):    0.000ns
    Phase Error              (PE):    0.000ns

    Location             Delay type                Incr(ns)  Path(ns)    Netlist Resource(s)
  -------------------------------------------------------------------    -------------------
                         (clock sys_clk_pin rise edge)
                                                      0.000     0.000 r  
    W5                                                0.000     0.000 r  clk (IN)
                         net (fo=0)                   0.000     0.000    clk
    W5                   IBUF (Prop_ibuf_I_O)         1.458     1.458 r  clk_IBUF_inst/O
                         net (fo=1, routed)           1.967     3.425    clk_IBUF
    BUFGCTRL_X0Y0        BUFG (Prop_bufg_I_O)         0.096     3.521 r  clk_IBUF_BUFG_inst/O
                         net (fo=212, routed)         1.558     5.079    motores_inst/motor1_controller/CLK
    SLICE_X57Y91         FDCE                                         r  motores_inst/motor1_controller/pulse_length_reg[9]/C
  -------------------------------------------------------------------    -------------------
    SLICE_X57Y91         FDCE (Prop_fdce_C_Q)         0.456     5.535 f  motores_inst/motor1_controller/pulse_length_reg[9]/Q
                         net (fo=7, routed)           0.929     6.463    motores_inst/motor1_controller/pulse_length_reg[9]
    SLICE_X58Y91         LUT2 (Prop_lut2_I1_O)        0.124     6.587 r  motores_inst/motor1_controller/pulse_length2_carry_i_6__0/O
                         net (fo=1, routed)           0.000     6.587    motores_inst/motor1_controller/pulse_length2_carry_i_6__0_n_0
    SLICE_X58Y91         CARRY4 (Prop_carry4_S[1]_CO[3])
                                                      0.550     7.137 r  motores_inst/motor1_controller/pulse_length2_carry/CO[3]
                         net (fo=1, routed)           0.000     7.137    motores_inst/motor1_controller/pulse_length2_carry_n_0
    SLICE_X58Y92         CARRY4 (Prop_carry4_CI_CO[1])
                                                      0.157     7.294 f  motores_inst/motor1_controller/pulse_length2_carry__0/CO[1]
                         net (fo=33, routed)          1.600     8.894    ldrs_inst/pulse_length_reg[5][0]
    SLICE_X57Y89         LUT4 (Prop_lut4_I3_O)        0.329     9.223 r  ldrs_inst/pulse_length[2]_i_4__0/O
                         net (fo=1, routed)           0.544     9.768    motores_inst/motor1_controller/pulse_length_reg[5]_0
    SLICE_X57Y90         CARRY4 (Prop_carry4_CYINIT_CO[3])
                                                      0.580    10.348 r  motores_inst/motor1_controller/pulse_length_reg[2]_i_2__0/CO[3]
                         net (fo=1, routed)           0.000    10.348    motores_inst/motor1_controller/pulse_length_reg[2]_i_2__0_n_0
    SLICE_X57Y91         CARRY4 (Prop_carry4_CI_O[3])
                                                      0.313    10.661 r  motores_inst/motor1_controller/pulse_length_reg[6]_i_1__0/O[3]
                         net (fo=1, routed)           0.000    10.661    motores_inst/motor1_controller/pulse_length_reg[6]_i_1__0_n_4
    SLICE_X57Y91         FDCE                                         r  motores_inst/motor1_controller/pulse_length_reg[9]/D
  -------------------------------------------------------------------    -------------------

                         (clock sys_clk_pin rise edge)
                                                     10.000    10.000 r  
    W5                                                0.000    10.000 r  clk (IN)
                         net (fo=0)                   0.000    10.000    clk
    W5                   IBUF (Prop_ibuf_I_O)         1.388    11.388 r  clk_IBUF_inst/O
                         net (fo=1, routed)           1.862    13.250    clk_IBUF
    BUFGCTRL_X0Y0        BUFG (Prop_bufg_I_O)         0.091    13.341 r  clk_IBUF_BUFG_inst/O
                         net (fo=212, routed)         1.442    14.783    motores_inst/motor1_controller/CLK
    SLICE_X57Y91         FDCE                                         r  motores_inst/motor1_controller/pulse_length_reg[9]/C
                         clock pessimism              0.296    15.079    
                         clock uncertainty           -0.035    15.044    
    SLICE_X57Y91         FDCE (Setup_fdce_C_D)        0.062    15.106    motores_inst/motor1_controller/pulse_length_reg[9]
  -------------------------------------------------------------------
                         required time                         15.106    
                         arrival time                         -10.661    
  -------------------------------------------------------------------
                         slack                                  4.445    





Min Delay Paths
--------------------------------------------------------------------------------------
Slack (MET) :             0.232ns  (arrival time - required time)
  Source:                 ldrs_inst/refresh_counter_reg[14]/C
                            (rising edge-triggered cell FDRE clocked by sys_clk_pin  {rise@0.000ns fall@5.000ns period=10.000ns})
  Destination:            ldrs_inst/display_select_reg[0]/D
                            (rising edge-triggered cell FDRE clocked by sys_clk_pin  {rise@0.000ns fall@5.000ns period=10.000ns})
  Path Group:             sys_clk_pin
  Path Type:              Hold (Min at Fast Process Corner)
  Requirement:            0.000ns  (sys_clk_pin rise@0.000ns - sys_clk_pin rise@0.000ns)
  Data Path Delay:        0.292ns  (logic 0.164ns (56.232%)  route 0.128ns (43.768%))
  Logic Levels:           0  
  Clock Path Skew:        0.000ns (DCD - SCD - CPR)
    Destination Clock Delay (DCD):    1.989ns
    Source Clock Delay      (SCD):    1.475ns
    Clock Pessimism Removal (CPR):    0.514ns

    Location             Delay type                Incr(ns)  Path(ns)    Netlist Resource(s)
  -------------------------------------------------------------------    -------------------
                         (clock sys_clk_pin rise edge)
                                                      0.000     0.000 r  
    W5                                                0.000     0.000 r  clk (IN)
                         net (fo=0)                   0.000     0.000    clk
    W5                   IBUF (Prop_ibuf_I_O)         0.226     0.226 r  clk_IBUF_inst/O
                         net (fo=1, routed)           0.631     0.858    clk_IBUF
    BUFGCTRL_X0Y0        BUFG (Prop_bufg_I_O)         0.026     0.884 r  clk_IBUF_BUFG_inst/O
                         net (fo=212, routed)         0.592     1.475    ldrs_inst/clk_IBUF_BUFG
    SLICE_X60Y95         FDRE                                         r  ldrs_inst/refresh_counter_reg[14]/C
  -------------------------------------------------------------------    -------------------
    SLICE_X60Y95         FDRE (Prop_fdre_C_Q)         0.164     1.639 r  ldrs_inst/refresh_counter_reg[14]/Q
                         net (fo=2, routed)           0.128     1.767    ldrs_inst/p_0_in[0]
    SLICE_X60Y95         FDRE                                         r  ldrs_inst/display_select_reg[0]/D
  -------------------------------------------------------------------    -------------------

                         (clock sys_clk_pin rise edge)
                                                      0.000     0.000 r  
    W5                                                0.000     0.000 r  clk (IN)
                         net (fo=0)                   0.000     0.000    clk
    W5                   IBUF (Prop_ibuf_I_O)         0.414     0.414 r  clk_IBUF_inst/O
                         net (fo=1, routed)           0.685     1.099    clk_IBUF
    BUFGCTRL_X0Y0        BUFG (Prop_bufg_I_O)         0.029     1.128 r  clk_IBUF_BUFG_inst/O
                         net (fo=212, routed)         0.861     1.989    ldrs_inst/clk_IBUF_BUFG
    SLICE_X60Y95         FDRE                                         r  ldrs_inst/display_select_reg[0]/C
                         clock pessimism             -0.514     1.475    
    SLICE_X60Y95         FDRE (Hold_fdre_C_D)         0.060     1.535    ldrs_inst/display_select_reg[0]
  -------------------------------------------------------------------
                         required time                         -1.535    
                         arrival time                           1.767    
  -------------------------------------------------------------------
                         slack                                  0.232    

Slack (MET) :             0.237ns  (arrival time - required time)
  Source:                 ldrs_inst/comparacion_reg[2]/C
                            (rising edge-triggered cell FDRE clocked by sys_clk_pin  {rise@0.000ns fall@5.000ns period=10.000ns})
  Destination:            ldrs_inst/comparacion_reg[2]/D
                            (rising edge-triggered cell FDRE clocked by sys_clk_pin  {rise@0.000ns fall@5.000ns period=10.000ns})
  Path Group:             sys_clk_pin
  Path Type:              Hold (Min at Fast Process Corner)
  Requirement:            0.000ns  (sys_clk_pin rise@0.000ns - sys_clk_pin rise@0.000ns)
  Data Path Delay:        0.358ns  (logic 0.209ns (58.331%)  route 0.149ns (41.669%))
  Logic Levels:           1  (LUT6=1)
  Clock Path Skew:        0.000ns (DCD - SCD - CPR)
    Destination Clock Delay (DCD):    1.990ns
    Source Clock Delay      (SCD):    1.476ns
    Clock Pessimism Removal (CPR):    0.514ns

    Location             Delay type                Incr(ns)  Path(ns)    Netlist Resource(s)
  -------------------------------------------------------------------    -------------------
                         (clock sys_clk_pin rise edge)
                                                      0.000     0.000 r  
    W5                                                0.000     0.000 r  clk (IN)
                         net (fo=0)                   0.000     0.000    clk
    W5                   IBUF (Prop_ibuf_I_O)         0.226     0.226 r  clk_IBUF_inst/O
                         net (fo=1, routed)           0.631     0.858    clk_IBUF
    BUFGCTRL_X0Y0        BUFG (Prop_bufg_I_O)         0.026     0.884 r  clk_IBUF_BUFG_inst/O
                         net (fo=212, routed)         0.593     1.476    ldrs_inst/clk_IBUF_BUFG
    SLICE_X60Y97         FDRE                                         r  ldrs_inst/comparacion_reg[2]/C
  -------------------------------------------------------------------    -------------------
    SLICE_X60Y97         FDRE (Prop_fdre_C_Q)         0.164     1.640 r  ldrs_inst/comparacion_reg[2]/Q
                         net (fo=2, routed)           0.149     1.790    ldrs_inst/comparacion_reg_n_0_[2]
    SLICE_X60Y97         LUT6 (Prop_lut6_I5_O)        0.045     1.835 r  ldrs_inst/comparacion[2]_i_1/O
                         net (fo=1, routed)           0.000     1.835    ldrs_inst/comparacion[2]_i_1_n_0
    SLICE_X60Y97         FDRE                                         r  ldrs_inst/comparacion_reg[2]/D
  -------------------------------------------------------------------    -------------------

                         (clock sys_clk_pin rise edge)
                                                      0.000     0.000 r  
    W5                                                0.000     0.000 r  clk (IN)
                         net (fo=0)                   0.000     0.000    clk
    W5                   IBUF (Prop_ibuf_I_O)         0.414     0.414 r  clk_IBUF_inst/O
                         net (fo=1, routed)           0.685     1.099    clk_IBUF
    BUFGCTRL_X0Y0        BUFG (Prop_bufg_I_O)         0.029     1.128 r  clk_IBUF_BUFG_inst/O
                         net (fo=212, routed)         0.863     1.990    ldrs_inst/clk_IBUF_BUFG
    SLICE_X60Y97         FDRE                                         r  ldrs_inst/comparacion_reg[2]/C
                         clock pessimism             -0.514     1.476    
    SLICE_X60Y97         FDRE (Hold_fdre_C_D)         0.121     1.597    ldrs_inst/comparacion_reg[2]
  -------------------------------------------------------------------
                         required time                         -1.597    
                         arrival time                           1.835    
  -------------------------------------------------------------------
                         slack                                  0.237    

Slack (MET) :             0.254ns  (arrival time - required time)
  Source:                 ldrs_inst/refresh_counter_reg[10]/C
                            (rising edge-triggered cell FDRE clocked by sys_clk_pin  {rise@0.000ns fall@5.000ns period=10.000ns})
  Destination:            ldrs_inst/refresh_counter_reg[10]/D
                            (rising edge-triggered cell FDRE clocked by sys_clk_pin  {rise@0.000ns fall@5.000ns period=10.000ns})
  Path Group:             sys_clk_pin
  Path Type:              Hold (Min at Fast Process Corner)
  Requirement:            0.000ns  (sys_clk_pin rise@0.000ns - sys_clk_pin rise@0.000ns)
  Data Path Delay:        0.388ns  (logic 0.274ns (70.550%)  route 0.114ns (29.450%))
  Logic Levels:           1  (CARRY4=1)
  Clock Path Skew:        0.000ns (DCD - SCD - CPR)
    Destination Clock Delay (DCD):    1.989ns
    Source Clock Delay      (SCD):    1.475ns
    Clock Pessimism Removal (CPR):    0.514ns

    Location             Delay type                Incr(ns)  Path(ns)    Netlist Resource(s)
  -------------------------------------------------------------------    -------------------
                         (clock sys_clk_pin rise edge)
                                                      0.000     0.000 r  
    W5                                                0.000     0.000 r  clk (IN)
                         net (fo=0)                   0.000     0.000    clk
    W5                   IBUF (Prop_ibuf_I_O)         0.226     0.226 r  clk_IBUF_inst/O
                         net (fo=1, routed)           0.631     0.858    clk_IBUF
    BUFGCTRL_X0Y0        BUFG (Prop_bufg_I_O)         0.026     0.884 r  clk_IBUF_BUFG_inst/O
                         net (fo=212, routed)         0.592     1.475    ldrs_inst/clk_IBUF_BUFG
    SLICE_X60Y94         FDRE                                         r  ldrs_inst/refresh_counter_reg[10]/C
  -------------------------------------------------------------------    -------------------
    SLICE_X60Y94         FDRE (Prop_fdre_C_Q)         0.164     1.639 r  ldrs_inst/refresh_counter_reg[10]/Q
                         net (fo=1, routed)           0.114     1.754    ldrs_inst/refresh_counter_reg_n_0_[10]
    SLICE_X60Y94         CARRY4 (Prop_carry4_S[2]_O[2])
                                                      0.110     1.864 r  ldrs_inst/refresh_counter_reg[8]_i_1/O[2]
                         net (fo=1, routed)           0.000     1.864    ldrs_inst/refresh_counter_reg[8]_i_1_n_5
    SLICE_X60Y94         FDRE                                         r  ldrs_inst/refresh_counter_reg[10]/D
  -------------------------------------------------------------------    -------------------

                         (clock sys_clk_pin rise edge)
                                                      0.000     0.000 r  
    W5                                                0.000     0.000 r  clk (IN)
                         net (fo=0)                   0.000     0.000    clk
    W5                   IBUF (Prop_ibuf_I_O)         0.414     0.414 r  clk_IBUF_inst/O
                         net (fo=1, routed)           0.685     1.099    clk_IBUF
    BUFGCTRL_X0Y0        BUFG (Prop_bufg_I_O)         0.029     1.128 r  clk_IBUF_BUFG_inst/O
                         net (fo=212, routed)         0.861     1.989    ldrs_inst/clk_IBUF_BUFG
    SLICE_X60Y94         FDRE                                         r  ldrs_inst/refresh_counter_reg[10]/C
                         clock pessimism             -0.514     1.475    
    SLICE_X60Y94         FDRE (Hold_fdre_C_D)         0.134     1.609    ldrs_inst/refresh_counter_reg[10]
  -------------------------------------------------------------------
                         required time                         -1.609    
                         arrival time                           1.864    
  -------------------------------------------------------------------
                         slack                                  0.254    

Slack (MET) :             0.254ns  (arrival time - required time)
  Source:                 ldrs_inst/refresh_counter_reg[6]/C
                            (rising edge-triggered cell FDRE clocked by sys_clk_pin  {rise@0.000ns fall@5.000ns period=10.000ns})
  Destination:            ldrs_inst/refresh_counter_reg[6]/D
                            (rising edge-triggered cell FDRE clocked by sys_clk_pin  {rise@0.000ns fall@5.000ns period=10.000ns})
  Path Group:             sys_clk_pin
  Path Type:              Hold (Min at Fast Process Corner)
  Requirement:            0.000ns  (sys_clk_pin rise@0.000ns - sys_clk_pin rise@0.000ns)
  Data Path Delay:        0.388ns  (logic 0.274ns (70.550%)  route 0.114ns (29.450%))
  Logic Levels:           1  (CARRY4=1)
  Clock Path Skew:        0.000ns (DCD - SCD - CPR)
    Destination Clock Delay (DCD):    1.989ns
    Source Clock Delay      (SCD):    1.475ns
    Clock Pessimism Removal (CPR):    0.514ns

    Location             Delay type                Incr(ns)  Path(ns)    Netlist Resource(s)
  -------------------------------------------------------------------    -------------------
                         (clock sys_clk_pin rise edge)
                                                      0.000     0.000 r  
    W5                                                0.000     0.000 r  clk (IN)
                         net (fo=0)                   0.000     0.000    clk
    W5                   IBUF (Prop_ibuf_I_O)         0.226     0.226 r  clk_IBUF_inst/O
                         net (fo=1, routed)           0.631     0.858    clk_IBUF
    BUFGCTRL_X0Y0        BUFG (Prop_bufg_I_O)         0.026     0.884 r  clk_IBUF_BUFG_inst/O
                         net (fo=212, routed)         0.592     1.475    ldrs_inst/clk_IBUF_BUFG
    SLICE_X60Y93         FDRE                                         r  ldrs_inst/refresh_counter_reg[6]/C
  -------------------------------------------------------------------    -------------------
    SLICE_X60Y93         FDRE (Prop_fdre_C_Q)         0.164     1.639 r  ldrs_inst/refresh_counter_reg[6]/Q
                         net (fo=1, routed)           0.114     1.754    ldrs_inst/refresh_counter_reg_n_0_[6]
    SLICE_X60Y93         CARRY4 (Prop_carry4_S[2]_O[2])
                                                      0.110     1.864 r  ldrs_inst/refresh_counter_reg[4]_i_1/O[2]
                         net (fo=1, routed)           0.000     1.864    ldrs_inst/refresh_counter_reg[4]_i_1_n_5
    SLICE_X60Y93         FDRE                                         r  ldrs_inst/refresh_counter_reg[6]/D
  -------------------------------------------------------------------    -------------------

                         (clock sys_clk_pin rise edge)
                                                      0.000     0.000 r  
    W5                                                0.000     0.000 r  clk (IN)
                         net (fo=0)                   0.000     0.000    clk
    W5                   IBUF (Prop_ibuf_I_O)         0.414     0.414 r  clk_IBUF_inst/O
                         net (fo=1, routed)           0.685     1.099    clk_IBUF
    BUFGCTRL_X0Y0        BUFG (Prop_bufg_I_O)         0.029     1.128 r  clk_IBUF_BUFG_inst/O
                         net (fo=212, routed)         0.861     1.989    ldrs_inst/clk_IBUF_BUFG
    SLICE_X60Y93         FDRE                                         r  ldrs_inst/refresh_counter_reg[6]/C
                         clock pessimism             -0.514     1.475    
    SLICE_X60Y93         FDRE (Hold_fdre_C_D)         0.134     1.609    ldrs_inst/refresh_counter_reg[6]
  -------------------------------------------------------------------
                         required time                         -1.609    
                         arrival time                           1.864    
  -------------------------------------------------------------------
                         slack                                  0.254    

Slack (MET) :             0.264ns  (arrival time - required time)
  Source:                 ldrs_inst/FSM_sequential_state_reg[1]/C
                            (rising edge-triggered cell FDRE clocked by sys_clk_pin  {rise@0.000ns fall@5.000ns period=10.000ns})
  Destination:            ldrs_inst/I1_reg/D
                            (rising edge-triggered cell FDRE clocked by sys_clk_pin  {rise@0.000ns fall@5.000ns period=10.000ns})
  Path Group:             sys_clk_pin
  Path Type:              Hold (Min at Fast Process Corner)
  Requirement:            0.000ns  (sys_clk_pin rise@0.000ns - sys_clk_pin rise@0.000ns)
  Data Path Delay:        0.401ns  (logic 0.186ns (46.404%)  route 0.215ns (53.596%))
  Logic Levels:           1  (LUT3=1)
  Clock Path Skew:        0.016ns (DCD - SCD - CPR)
    Destination Clock Delay (DCD):    1.990ns
    Source Clock Delay      (SCD):    1.476ns
    Clock Pessimism Removal (CPR):    0.498ns

    Location             Delay type                Incr(ns)  Path(ns)    Netlist Resource(s)
  -------------------------------------------------------------------    -------------------
                         (clock sys_clk_pin rise edge)
                                                      0.000     0.000 r  
    W5                                                0.000     0.000 r  clk (IN)
                         net (fo=0)                   0.000     0.000    clk
    W5                   IBUF (Prop_ibuf_I_O)         0.226     0.226 r  clk_IBUF_inst/O
                         net (fo=1, routed)           0.631     0.858    clk_IBUF
    BUFGCTRL_X0Y0        BUFG (Prop_bufg_I_O)         0.026     0.884 r  clk_IBUF_BUFG_inst/O
                         net (fo=212, routed)         0.593     1.476    ldrs_inst/clk_IBUF_BUFG
    SLICE_X61Y97         FDRE                                         r  ldrs_inst/FSM_sequential_state_reg[1]/C
  -------------------------------------------------------------------    -------------------
    SLICE_X61Y97         FDRE (Prop_fdre_C_Q)         0.141     1.617 r  ldrs_inst/FSM_sequential_state_reg[1]/Q
                         net (fo=10, routed)          0.215     1.832    ldrs_inst/I1
    SLICE_X60Y98         LUT3 (Prop_lut3_I0_O)        0.045     1.877 r  ldrs_inst/I1_i_1/O
                         net (fo=1, routed)           0.000     1.877    ldrs_inst/I1_i_1_n_0
    SLICE_X60Y98         FDRE                                         r  ldrs_inst/I1_reg/D
  -------------------------------------------------------------------    -------------------

                         (clock sys_clk_pin rise edge)
                                                      0.000     0.000 r  
    W5                                                0.000     0.000 r  clk (IN)
                         net (fo=0)                   0.000     0.000    clk
    W5                   IBUF (Prop_ibuf_I_O)         0.414     0.414 r  clk_IBUF_inst/O
                         net (fo=1, routed)           0.685     1.099    clk_IBUF
    BUFGCTRL_X0Y0        BUFG (Prop_bufg_I_O)         0.029     1.128 r  clk_IBUF_BUFG_inst/O
                         net (fo=212, routed)         0.863     1.990    ldrs_inst/clk_IBUF_BUFG
    SLICE_X60Y98         FDRE                                         r  ldrs_inst/I1_reg/C
                         clock pessimism             -0.498     1.492    
    SLICE_X60Y98         FDRE (Hold_fdre_C_D)         0.121     1.613    ldrs_inst/I1_reg
  -------------------------------------------------------------------
                         required time                         -1.613    
                         arrival time                           1.877    
  -------------------------------------------------------------------
                         slack                                  0.264    

Slack (MET) :             0.264ns  (arrival time - required time)
  Source:                 ldrs_inst/comparacion_reg[1]/C
                            (rising edge-triggered cell FDRE clocked by sys_clk_pin  {rise@0.000ns fall@5.000ns period=10.000ns})
  Destination:            ldrs_inst/comparacion_reg[1]/D
                            (rising edge-triggered cell FDRE clocked by sys_clk_pin  {rise@0.000ns fall@5.000ns period=10.000ns})
  Path Group:             sys_clk_pin
  Path Type:              Hold (Min at Fast Process Corner)
  Requirement:            0.000ns  (sys_clk_pin rise@0.000ns - sys_clk_pin rise@0.000ns)
  Data Path Delay:        0.384ns  (logic 0.209ns (54.384%)  route 0.175ns (45.616%))
  Logic Levels:           1  (LUT5=1)
  Clock Path Skew:        0.000ns (DCD - SCD - CPR)
    Destination Clock Delay (DCD):    1.989ns
    Source Clock Delay      (SCD):    1.475ns
    Clock Pessimism Removal (CPR):    0.514ns

    Location             Delay type                Incr(ns)  Path(ns)    Netlist Resource(s)
  -------------------------------------------------------------------    -------------------
                         (clock sys_clk_pin rise edge)
                                                      0.000     0.000 r  
    W5                                                0.000     0.000 r  clk (IN)
                         net (fo=0)                   0.000     0.000    clk
    W5                   IBUF (Prop_ibuf_I_O)         0.226     0.226 r  clk_IBUF_inst/O
                         net (fo=1, routed)           0.631     0.858    clk_IBUF
    BUFGCTRL_X0Y0        BUFG (Prop_bufg_I_O)         0.026     0.884 r  clk_IBUF_BUFG_inst/O
                         net (fo=212, routed)         0.592     1.475    ldrs_inst/clk_IBUF_BUFG
    SLICE_X60Y96         FDRE                                         r  ldrs_inst/comparacion_reg[1]/C
  -------------------------------------------------------------------    -------------------
    SLICE_X60Y96         FDRE (Prop_fdre_C_Q)         0.164     1.639 r  ldrs_inst/comparacion_reg[1]/Q
                         net (fo=35, routed)          0.175     1.815    ldrs_inst/led1_out
    SLICE_X60Y96         LUT5 (Prop_lut5_I4_O)        0.045     1.860 r  ldrs_inst/comparacion[1]_i_1/O
                         net (fo=1, routed)           0.000     1.860    ldrs_inst/comparacion[1]_i_1_n_0
    SLICE_X60Y96         FDRE                                         r  ldrs_inst/comparacion_reg[1]/D
  -------------------------------------------------------------------    -------------------

                         (clock sys_clk_pin rise edge)
                                                      0.000     0.000 r  
    W5                                                0.000     0.000 r  clk (IN)
                         net (fo=0)                   0.000     0.000    clk
    W5                   IBUF (Prop_ibuf_I_O)         0.414     0.414 r  clk_IBUF_inst/O
                         net (fo=1, routed)           0.685     1.099    clk_IBUF
    BUFGCTRL_X0Y0        BUFG (Prop_bufg_I_O)         0.029     1.128 r  clk_IBUF_BUFG_inst/O
                         net (fo=212, routed)         0.861     1.989    ldrs_inst/clk_IBUF_BUFG
    SLICE_X60Y96         FDRE                                         r  ldrs_inst/comparacion_reg[1]/C
                         clock pessimism             -0.514     1.475    
    SLICE_X60Y96         FDRE (Hold_fdre_C_D)         0.120     1.595    ldrs_inst/comparacion_reg[1]
  -------------------------------------------------------------------
                         required time                         -1.595    
                         arrival time                           1.860    
  -------------------------------------------------------------------
                         slack                                  0.264    

Slack (MET) :             0.264ns  (arrival time - required time)
  Source:                 ldrs_inst/clk_div_reg[24]/C
                            (rising edge-triggered cell FDRE clocked by sys_clk_pin  {rise@0.000ns fall@5.000ns period=10.000ns})
  Destination:            ldrs_inst/clk_div_reg[24]/D
                            (rising edge-triggered cell FDRE clocked by sys_clk_pin  {rise@0.000ns fall@5.000ns period=10.000ns})
  Path Group:             sys_clk_pin
  Path Type:              Hold (Min at Fast Process Corner)
  Requirement:            0.000ns  (sys_clk_pin rise@0.000ns - sys_clk_pin rise@0.000ns)
  Data Path Delay:        0.369ns  (logic 0.249ns (67.424%)  route 0.120ns (32.576%))
  Logic Levels:           1  (CARRY4=1)
  Clock Path Skew:        0.000ns (DCD - SCD - CPR)
    Destination Clock Delay (DCD):    1.989ns
    Source Clock Delay      (SCD):    1.475ns
    Clock Pessimism Removal (CPR):    0.514ns

    Location             Delay type                Incr(ns)  Path(ns)    Netlist Resource(s)
  -------------------------------------------------------------------    -------------------
                         (clock sys_clk_pin rise edge)
                                                      0.000     0.000 r  
    W5                                                0.000     0.000 r  clk (IN)
                         net (fo=0)                   0.000     0.000    clk
    W5                   IBUF (Prop_ibuf_I_O)         0.226     0.226 r  clk_IBUF_inst/O
                         net (fo=1, routed)           0.631     0.858    clk_IBUF
    BUFGCTRL_X0Y0        BUFG (Prop_bufg_I_O)         0.026     0.884 r  clk_IBUF_BUFG_inst/O
                         net (fo=212, routed)         0.592     1.475    ldrs_inst/clk_IBUF_BUFG
    SLICE_X61Y94         FDRE                                         r  ldrs_inst/clk_div_reg[24]/C
  -------------------------------------------------------------------    -------------------
    SLICE_X61Y94         FDRE (Prop_fdre_C_Q)         0.141     1.616 r  ldrs_inst/clk_div_reg[24]/Q
                         net (fo=2, routed)           0.120     1.737    ldrs_inst/clk_div[24]
    SLICE_X61Y94         CARRY4 (Prop_carry4_S[3]_O[3])
                                                      0.108     1.845 r  ldrs_inst/clk_div_reg[24]_i_1/O[3]
                         net (fo=1, routed)           0.000     1.845    ldrs_inst/clk_div_reg[24]_i_1_n_4
    SLICE_X61Y94         FDRE                                         r  ldrs_inst/clk_div_reg[24]/D
  -------------------------------------------------------------------    -------------------

                         (clock sys_clk_pin rise edge)
                                                      0.000     0.000 r  
    W5                                                0.000     0.000 r  clk (IN)
                         net (fo=0)                   0.000     0.000    clk
    W5                   IBUF (Prop_ibuf_I_O)         0.414     0.414 r  clk_IBUF_inst/O
                         net (fo=1, routed)           0.685     1.099    clk_IBUF
    BUFGCTRL_X0Y0        BUFG (Prop_bufg_I_O)         0.029     1.128 r  clk_IBUF_BUFG_inst/O
                         net (fo=212, routed)         0.861     1.989    ldrs_inst/clk_IBUF_BUFG
    SLICE_X61Y94         FDRE                                         r  ldrs_inst/clk_div_reg[24]/C
                         clock pessimism             -0.514     1.475    
    SLICE_X61Y94         FDRE (Hold_fdre_C_D)         0.105     1.580    ldrs_inst/clk_div_reg[24]
  -------------------------------------------------------------------
                         required time                         -1.580    
                         arrival time                           1.845    
  -------------------------------------------------------------------
                         slack                                  0.264    

Slack (MET) :             0.264ns  (arrival time - required time)
  Source:                 ldrs_inst/clk_div_reg[28]/C
                            (rising edge-triggered cell FDRE clocked by sys_clk_pin  {rise@0.000ns fall@5.000ns period=10.000ns})
  Destination:            ldrs_inst/clk_div_reg[28]/D
                            (rising edge-triggered cell FDRE clocked by sys_clk_pin  {rise@0.000ns fall@5.000ns period=10.000ns})
  Path Group:             sys_clk_pin
  Path Type:              Hold (Min at Fast Process Corner)
  Requirement:            0.000ns  (sys_clk_pin rise@0.000ns - sys_clk_pin rise@0.000ns)
  Data Path Delay:        0.369ns  (logic 0.249ns (67.424%)  route 0.120ns (32.576%))
  Logic Levels:           1  (CARRY4=1)
  Clock Path Skew:        0.000ns (DCD - SCD - CPR)
    Destination Clock Delay (DCD):    1.989ns
    Source Clock Delay      (SCD):    1.475ns
    Clock Pessimism Removal (CPR):    0.514ns

    Location             Delay type                Incr(ns)  Path(ns)    Netlist Resource(s)
  -------------------------------------------------------------------    -------------------
                         (clock sys_clk_pin rise edge)
                                                      0.000     0.000 r  
    W5                                                0.000     0.000 r  clk (IN)
                         net (fo=0)                   0.000     0.000    clk
    W5                   IBUF (Prop_ibuf_I_O)         0.226     0.226 r  clk_IBUF_inst/O
                         net (fo=1, routed)           0.631     0.858    clk_IBUF
    BUFGCTRL_X0Y0        BUFG (Prop_bufg_I_O)         0.026     0.884 r  clk_IBUF_BUFG_inst/O
                         net (fo=212, routed)         0.592     1.475    ldrs_inst/clk_IBUF_BUFG
    SLICE_X61Y95         FDRE                                         r  ldrs_inst/clk_div_reg[28]/C
  -------------------------------------------------------------------    -------------------
    SLICE_X61Y95         FDRE (Prop_fdre_C_Q)         0.141     1.616 r  ldrs_inst/clk_div_reg[28]/Q
                         net (fo=2, routed)           0.120     1.737    ldrs_inst/clk_div[28]
    SLICE_X61Y95         CARRY4 (Prop_carry4_S[3]_O[3])
                                                      0.108     1.845 r  ldrs_inst/clk_div_reg[28]_i_1/O[3]
                         net (fo=1, routed)           0.000     1.845    ldrs_inst/clk_div_reg[28]_i_1_n_4
    SLICE_X61Y95         FDRE                                         r  ldrs_inst/clk_div_reg[28]/D
  -------------------------------------------------------------------    -------------------

                         (clock sys_clk_pin rise edge)
                                                      0.000     0.000 r  
    W5                                                0.000     0.000 r  clk (IN)
                         net (fo=0)                   0.000     0.000    clk
    W5                   IBUF (Prop_ibuf_I_O)         0.414     0.414 r  clk_IBUF_inst/O
                         net (fo=1, routed)           0.685     1.099    clk_IBUF
    BUFGCTRL_X0Y0        BUFG (Prop_bufg_I_O)         0.029     1.128 r  clk_IBUF_BUFG_inst/O
                         net (fo=212, routed)         0.861     1.989    ldrs_inst/clk_IBUF_BUFG
    SLICE_X61Y95         FDRE                                         r  ldrs_inst/clk_div_reg[28]/C
                         clock pessimism             -0.514     1.475    
    SLICE_X61Y95         FDRE (Hold_fdre_C_D)         0.105     1.580    ldrs_inst/clk_div_reg[28]
  -------------------------------------------------------------------
                         required time                         -1.580    
                         arrival time                           1.845    
  -------------------------------------------------------------------
                         slack                                  0.264    

Slack (MET) :             0.264ns  (arrival time - required time)
  Source:                 ldrs_inst/clk_div_reg[8]/C
                            (rising edge-triggered cell FDRE clocked by sys_clk_pin  {rise@0.000ns fall@5.000ns period=10.000ns})
  Destination:            ldrs_inst/clk_div_reg[8]/D
                            (rising edge-triggered cell FDRE clocked by sys_clk_pin  {rise@0.000ns fall@5.000ns period=10.000ns})
  Path Group:             sys_clk_pin
  Path Type:              Hold (Min at Fast Process Corner)
  Requirement:            0.000ns  (sys_clk_pin rise@0.000ns - sys_clk_pin rise@0.000ns)
  Data Path Delay:        0.369ns  (logic 0.249ns (67.424%)  route 0.120ns (32.576%))
  Logic Levels:           1  (CARRY4=1)
  Clock Path Skew:        0.000ns (DCD - SCD - CPR)
    Destination Clock Delay (DCD):    1.988ns
    Source Clock Delay      (SCD):    1.474ns
    Clock Pessimism Removal (CPR):    0.514ns

    Location             Delay type                Incr(ns)  Path(ns)    Netlist Resource(s)
  -------------------------------------------------------------------    -------------------
                         (clock sys_clk_pin rise edge)
                                                      0.000     0.000 r  
    W5                                                0.000     0.000 r  clk (IN)
                         net (fo=0)                   0.000     0.000    clk
    W5                   IBUF (Prop_ibuf_I_O)         0.226     0.226 r  clk_IBUF_inst/O
                         net (fo=1, routed)           0.631     0.858    clk_IBUF
    BUFGCTRL_X0Y0        BUFG (Prop_bufg_I_O)         0.026     0.884 r  clk_IBUF_BUFG_inst/O
                         net (fo=212, routed)         0.591     1.474    ldrs_inst/clk_IBUF_BUFG
    SLICE_X61Y90         FDRE                                         r  ldrs_inst/clk_div_reg[8]/C
  -------------------------------------------------------------------    -------------------
    SLICE_X61Y90         FDRE (Prop_fdre_C_Q)         0.141     1.615 r  ldrs_inst/clk_div_reg[8]/Q
                         net (fo=2, routed)           0.120     1.736    ldrs_inst/clk_div[8]
    SLICE_X61Y90         CARRY4 (Prop_carry4_S[3]_O[3])
                                                      0.108     1.844 r  ldrs_inst/clk_div_reg[8]_i_1/O[3]
                         net (fo=1, routed)           0.000     1.844    ldrs_inst/clk_div_reg[8]_i_1_n_4
    SLICE_X61Y90         FDRE                                         r  ldrs_inst/clk_div_reg[8]/D
  -------------------------------------------------------------------    -------------------

                         (clock sys_clk_pin rise edge)
                                                      0.000     0.000 r  
    W5                                                0.000     0.000 r  clk (IN)
                         net (fo=0)                   0.000     0.000    clk
    W5                   IBUF (Prop_ibuf_I_O)         0.414     0.414 r  clk_IBUF_inst/O
                         net (fo=1, routed)           0.685     1.099    clk_IBUF
    BUFGCTRL_X0Y0        BUFG (Prop_bufg_I_O)         0.029     1.128 r  clk_IBUF_BUFG_inst/O
                         net (fo=212, routed)         0.860     1.988    ldrs_inst/clk_IBUF_BUFG
    SLICE_X61Y90         FDRE                                         r  ldrs_inst/clk_div_reg[8]/C
                         clock pessimism             -0.514     1.474    
    SLICE_X61Y90         FDRE (Hold_fdre_C_D)         0.105     1.579    ldrs_inst/clk_div_reg[8]
  -------------------------------------------------------------------
                         required time                         -1.579    
                         arrival time                           1.844    
  -------------------------------------------------------------------
                         slack                                  0.264    

Slack (MET) :             0.264ns  (arrival time - required time)
  Source:                 ldrs_inst/clk_div_reg[4]/C
                            (rising edge-triggered cell FDRE clocked by sys_clk_pin  {rise@0.000ns fall@5.000ns period=10.000ns})
  Destination:            ldrs_inst/clk_div_reg[4]/D
                            (rising edge-triggered cell FDRE clocked by sys_clk_pin  {rise@0.000ns fall@5.000ns period=10.000ns})
  Path Group:             sys_clk_pin
  Path Type:              Hold (Min at Fast Process Corner)
  Requirement:            0.000ns  (sys_clk_pin rise@0.000ns - sys_clk_pin rise@0.000ns)
  Data Path Delay:        0.369ns  (logic 0.249ns (67.424%)  route 0.120ns (32.576%))
  Logic Levels:           1  (CARRY4=1)
  Clock Path Skew:        0.000ns (DCD - SCD - CPR)
    Destination Clock Delay (DCD):    1.987ns
    Source Clock Delay      (SCD):    1.473ns
    Clock Pessimism Removal (CPR):    0.514ns

    Location             Delay type                Incr(ns)  Path(ns)    Netlist Resource(s)
  -------------------------------------------------------------------    -------------------
                         (clock sys_clk_pin rise edge)
                                                      0.000     0.000 r  
    W5                                                0.000     0.000 r  clk (IN)
                         net (fo=0)                   0.000     0.000    clk
    W5                   IBUF (Prop_ibuf_I_O)         0.226     0.226 r  clk_IBUF_inst/O
                         net (fo=1, routed)           0.631     0.858    clk_IBUF
    BUFGCTRL_X0Y0        BUFG (Prop_bufg_I_O)         0.026     0.884 r  clk_IBUF_BUFG_inst/O
                         net (fo=212, routed)         0.590     1.473    ldrs_inst/clk_IBUF_BUFG
    SLICE_X61Y89         FDRE                                         r  ldrs_inst/clk_div_reg[4]/C
  -------------------------------------------------------------------    -------------------
    SLICE_X61Y89         FDRE (Prop_fdre_C_Q)         0.141     1.614 r  ldrs_inst/clk_div_reg[4]/Q
                         net (fo=3, routed)           0.120     1.735    ldrs_inst/clk_div[4]
    SLICE_X61Y89         CARRY4 (Prop_carry4_S[3]_O[3])
                                                      0.108     1.843 r  ldrs_inst/clk_div_reg[4]_i_1/O[3]
                         net (fo=1, routed)           0.000     1.843    ldrs_inst/clk_div_reg[4]_i_1_n_4
    SLICE_X61Y89         FDRE                                         r  ldrs_inst/clk_div_reg[4]/D
  -------------------------------------------------------------------    -------------------

                         (clock sys_clk_pin rise edge)
                                                      0.000     0.000 r  
    W5                                                0.000     0.000 r  clk (IN)
                         net (fo=0)                   0.000     0.000    clk
    W5                   IBUF (Prop_ibuf_I_O)         0.414     0.414 r  clk_IBUF_inst/O
                         net (fo=1, routed)           0.685     1.099    clk_IBUF
    BUFGCTRL_X0Y0        BUFG (Prop_bufg_I_O)         0.029     1.128 r  clk_IBUF_BUFG_inst/O
                         net (fo=212, routed)         0.860     1.987    ldrs_inst/clk_IBUF_BUFG
    SLICE_X61Y89         FDRE                                         r  ldrs_inst/clk_div_reg[4]/C
                         clock pessimism             -0.514     1.473    
    SLICE_X61Y89         FDRE (Hold_fdre_C_D)         0.105     1.578    ldrs_inst/clk_div_reg[4]
  -------------------------------------------------------------------
                         required time                         -1.578    
                         arrival time                           1.843    
  -------------------------------------------------------------------
                         slack                                  0.264    





Pulse Width Checks
--------------------------------------------------------------------------------------
Clock Name:         sys_clk_pin
Waveform(ns):       { 0.000 5.000 }
Period(ns):         10.000
Sources:            { clk }

Check Type        Corner  Lib Pin  Reference Pin  Required(ns)  Actual(ns)  Slack(ns)  Location       Pin
Min Period        n/a     BUFG/I   n/a            2.155         10.000      7.845      BUFGCTRL_X0Y0  clk_IBUF_BUFG_inst/I
Min Period        n/a     FDRE/C   n/a            1.000         10.000      9.000      SLICE_X62Y93   ldrs_inst/ADCclk_s_reg/C
Min Period        n/a     FDRE/C   n/a            1.000         10.000      9.000      SLICE_X60Y98   ldrs_inst/FSM_sequential_state_reg[0]/C
Min Period        n/a     FDRE/C   n/a            1.000         10.000      9.000      SLICE_X61Y97   ldrs_inst/FSM_sequential_state_reg[1]/C
Min Period        n/a     FDRE/C   n/a            1.000         10.000      9.000      SLICE_X61Y97   ldrs_inst/FSM_sequential_state_reg[2]/C
Min Period        n/a     FDRE/C   n/a            1.000         10.000      9.000      SLICE_X60Y98   ldrs_inst/I1_reg/C
Min Period        n/a     FDRE/C   n/a            1.000         10.000      9.000      SLICE_X60Y97   ldrs_inst/I2_reg/C
Min Period        n/a     FDRE/C   n/a            1.000         10.000      9.000      SLICE_X61Y88   ldrs_inst/clk_div_reg[0]/C
Min Period        n/a     FDRE/C   n/a            1.000         10.000      9.000      SLICE_X61Y91   ldrs_inst/clk_div_reg[10]/C
Min Period        n/a     FDRE/C   n/a            1.000         10.000      9.000      SLICE_X61Y91   ldrs_inst/clk_div_reg[11]/C
Low Pulse Width   Slow    FDRE/C   n/a            0.500         5.000       4.500      SLICE_X62Y93   ldrs_inst/ADCclk_s_reg/C
Low Pulse Width   Fast    FDRE/C   n/a            0.500         5.000       4.500      SLICE_X62Y93   ldrs_inst/ADCclk_s_reg/C
Low Pulse Width   Slow    FDRE/C   n/a            0.500         5.000       4.500      SLICE_X60Y98   ldrs_inst/FSM_sequential_state_reg[0]/C
Low Pulse Width   Fast    FDRE/C   n/a            0.500         5.000       4.500      SLICE_X60Y98   ldrs_inst/FSM_sequential_state_reg[0]/C
Low Pulse Width   Slow    FDRE/C   n/a            0.500         5.000       4.500      SLICE_X61Y97   ldrs_inst/FSM_sequential_state_reg[1]/C
Low Pulse Width   Fast    FDRE/C   n/a            0.500         5.000       4.500      SLICE_X61Y97   ldrs_inst/FSM_sequential_state_reg[1]/C
Low Pulse Width   Slow    FDRE/C   n/a            0.500         5.000       4.500      SLICE_X61Y97   ldrs_inst/FSM_sequential_state_reg[2]/C
Low Pulse Width   Fast    FDRE/C   n/a            0.500         5.000       4.500      SLICE_X61Y97   ldrs_inst/FSM_sequential_state_reg[2]/C
Low Pulse Width   Slow    FDRE/C   n/a            0.500         5.000       4.500      SLICE_X60Y98   ldrs_inst/I1_reg/C
Low Pulse Width   Fast    FDRE/C   n/a            0.500         5.000       4.500      SLICE_X60Y98   ldrs_inst/I1_reg/C
High Pulse Width  Slow    FDRE/C   n/a            0.500         5.000       4.500      SLICE_X62Y93   ldrs_inst/ADCclk_s_reg/C
High Pulse Width  Fast    FDRE/C   n/a            0.500         5.000       4.500      SLICE_X62Y93   ldrs_inst/ADCclk_s_reg/C
High Pulse Width  Slow    FDRE/C   n/a            0.500         5.000       4.500      SLICE_X60Y98   ldrs_inst/FSM_sequential_state_reg[0]/C
High Pulse Width  Fast    FDRE/C   n/a            0.500         5.000       4.500      SLICE_X60Y98   ldrs_inst/FSM_sequential_state_reg[0]/C
High Pulse Width  Slow    FDRE/C   n/a            0.500         5.000       4.500      SLICE_X61Y97   ldrs_inst/FSM_sequential_state_reg[1]/C
High Pulse Width  Fast    FDRE/C   n/a            0.500         5.000       4.500      SLICE_X61Y97   ldrs_inst/FSM_sequential_state_reg[1]/C
High Pulse Width  Slow    FDRE/C   n/a            0.500         5.000       4.500      SLICE_X61Y97   ldrs_inst/FSM_sequential_state_reg[2]/C
High Pulse Width  Fast    FDRE/C   n/a            0.500         5.000       4.500      SLICE_X61Y97   ldrs_inst/FSM_sequential_state_reg[2]/C
High Pulse Width  Slow    FDRE/C   n/a            0.500         5.000       4.500      SLICE_X60Y98   ldrs_inst/I1_reg/C
High Pulse Width  Fast    FDRE/C   n/a            0.500         5.000       4.500      SLICE_X60Y98   ldrs_inst/I1_reg/C



--------------------------------------------------------------------------------------
Path Group:  (none)
From Clock:  
  To Clock:  

Max Delay            42 Endpoints
Min Delay            42 Endpoints
--------------------------------------------------------------------------------------


Max Delay Paths
--------------------------------------------------------------------------------------
Slack:                    inf
  Source:                 ldrs_inst/adc_inst/ADC_in_s_reg/C
                            (rising edge-triggered cell FDRE)
  Destination:            ADC_in
                            (output port)
  Path Group:             (none)
  Path Type:              Max at Slow Process Corner
  Data Path Delay:        5.952ns  (logic 4.034ns (67.778%)  route 1.918ns (32.222%))
  Logic Levels:           2  (FDRE=1 OBUF=1)

    Location             Delay type                Incr(ns)  Path(ns)    Netlist Resource(s)
  -------------------------------------------------------------------    -------------------
    SLICE_X64Y99         FDRE                         0.000     0.000 r  ldrs_inst/adc_inst/ADC_in_s_reg/C
    SLICE_X64Y99         FDRE (Prop_fdre_C_Q)         0.518     0.518 r  ldrs_inst/adc_inst/ADC_in_s_reg/Q
                         net (fo=1, routed)           1.918     2.436    ADC_in_OBUF
    L2                   OBUF (Prop_obuf_I_O)         3.516     5.952 r  ADC_in_OBUF_inst/O
                         net (fo=0)                   0.000     5.952    ADC_in
    L2                                                                r  ADC_in (OUT)
  -------------------------------------------------------------------    -------------------

Slack:                    inf
  Source:                 ldrs_inst/adc_inst/cs_s_reg/C
                            (rising edge-triggered cell FDRE)
  Destination:            CS
                            (output port)
  Path Group:             (none)
  Path Type:              Max at Slow Process Corner
  Data Path Delay:        5.623ns  (logic 3.946ns (70.175%)  route 1.677ns (29.825%))
  Logic Levels:           2  (FDRE=1 OBUF=1)

    Location             Delay type                Incr(ns)  Path(ns)    Netlist Resource(s)
  -------------------------------------------------------------------    -------------------
    SLICE_X65Y98         FDRE                         0.000     0.000 r  ldrs_inst/adc_inst/cs_s_reg/C
    SLICE_X65Y98         FDRE (Prop_fdre_C_Q)         0.456     0.456 r  ldrs_inst/adc_inst/cs_s_reg/Q
                         net (fo=1, routed)           1.677     2.133    CS_OBUF
    G2                   OBUF (Prop_obuf_I_O)         3.490     5.623 r  CS_OBUF_inst/O
                         net (fo=0)                   0.000     5.623    CS
    G2                                                                r  CS (OUT)
  -------------------------------------------------------------------    -------------------

Slack:                    inf
  Source:                 ADC_out
                            (input port)
  Destination:            ldrs_inst/adc_inst/data_out_s_reg[4]/D
  Path Group:             (none)
  Path Type:              Max at Slow Process Corner
  Data Path Delay:        4.271ns  (logic 1.928ns (45.141%)  route 2.343ns (54.859%))
  Logic Levels:           3  (IBUF=1 LUT5=1 LUT6=1)

    Location             Delay type                Incr(ns)  Path(ns)    Netlist Resource(s)
  -------------------------------------------------------------------    -------------------
    J1                                                0.000     0.000 r  ADC_out (IN)
                         net (fo=0)                   0.000     0.000    ADC_out
    J1                   IBUF (Prop_ibuf_I_O)         1.450     1.450 r  ADC_out_IBUF_inst/O
                         net (fo=9, routed)           1.532     2.983    ldrs_inst/adc_inst/ADC_out_IBUF
    SLICE_X64Y99         LUT5 (Prop_lut5_I4_O)        0.150     3.133 r  ldrs_inst/adc_inst/data_out_s[4]_i_2/O
                         net (fo=1, routed)           0.811     3.943    ldrs_inst/adc_inst/data_out_s[4]_i_2_n_0
    SLICE_X62Y99         LUT6 (Prop_lut6_I0_O)        0.328     4.271 r  ldrs_inst/adc_inst/data_out_s[4]_i_1/O
                         net (fo=1, routed)           0.000     4.271    ldrs_inst/adc_inst/data_out_s[4]_i_1_n_0
    SLICE_X62Y99         FDRE                                         r  ldrs_inst/adc_inst/data_out_s_reg[4]/D
  -------------------------------------------------------------------    -------------------

Slack:                    inf
  Source:                 ADC_out
                            (input port)
  Destination:            ldrs_inst/adc_inst/data_out_s_reg[0]/D
  Path Group:             (none)
  Path Type:              Max at Slow Process Corner
  Data Path Delay:        4.243ns  (logic 1.930ns (45.490%)  route 2.313ns (54.510%))
  Logic Levels:           3  (IBUF=1 LUT5=1 LUT6=1)

    Location             Delay type                Incr(ns)  Path(ns)    Netlist Resource(s)
  -------------------------------------------------------------------    -------------------
    J1                                                0.000     0.000 r  ADC_out (IN)
                         net (fo=0)                   0.000     0.000    ADC_out
    J1                   IBUF (Prop_ibuf_I_O)         1.450     1.450 r  ADC_out_IBUF_inst/O
                         net (fo=9, routed)           1.639     3.089    ldrs_inst/adc_inst/ADC_out_IBUF
    SLICE_X62Y99         LUT5 (Prop_lut5_I1_O)        0.153     3.242 r  ldrs_inst/adc_inst/data_out_s[0]_i_2/O
                         net (fo=1, routed)           0.674     3.916    ldrs_inst/adc_inst/data_out_s[0]_i_2_n_0
    SLICE_X62Y99         LUT6 (Prop_lut6_I0_O)        0.327     4.243 r  ldrs_inst/adc_inst/data_out_s[0]_i_1/O
                         net (fo=1, routed)           0.000     4.243    ldrs_inst/adc_inst/data_out_s[0]_i_1_n_0
    SLICE_X62Y99         FDRE                                         r  ldrs_inst/adc_inst/data_out_s_reg[0]/D
  -------------------------------------------------------------------    -------------------

Slack:                    inf
  Source:                 ADC_out
                            (input port)
  Destination:            ldrs_inst/adc_inst/data_out_s_reg[2]/D
  Path Group:             (none)
  Path Type:              Max at Slow Process Corner
  Data Path Delay:        4.163ns  (logic 1.698ns (40.792%)  route 2.465ns (59.208%))
  Logic Levels:           3  (IBUF=1 LUT3=1 LUT5=1)

    Location             Delay type                Incr(ns)  Path(ns)    Netlist Resource(s)
  -------------------------------------------------------------------    -------------------
    J1                                                0.000     0.000 r  ADC_out (IN)
                         net (fo=0)                   0.000     0.000    ADC_out
    J1                   IBUF (Prop_ibuf_I_O)         1.450     1.450 r  ADC_out_IBUF_inst/O
                         net (fo=9, routed)           1.639     3.089    ldrs_inst/adc_inst/ADC_out_IBUF
    SLICE_X62Y99         LUT3 (Prop_lut3_I0_O)        0.124     3.213 r  ldrs_inst/adc_inst/data_out_s[6]_i_2/O
                         net (fo=2, routed)           0.826     4.039    ldrs_inst/adc_inst/data_out_s[6]_i_2_n_0
    SLICE_X61Y99         LUT5 (Prop_lut5_I0_O)        0.124     4.163 r  ldrs_inst/adc_inst/data_out_s[2]_i_1/O
                         net (fo=1, routed)           0.000     4.163    ldrs_inst/adc_inst/data_out_s[2]_i_1_n_0
    SLICE_X61Y99         FDRE                                         r  ldrs_inst/adc_inst/data_out_s_reg[2]/D
  -------------------------------------------------------------------    -------------------

Slack:                    inf
  Source:                 ADC_out
                            (input port)
  Destination:            ldrs_inst/adc_inst/data_out_s_reg[6]/D
  Path Group:             (none)
  Path Type:              Max at Slow Process Corner
  Data Path Delay:        4.149ns  (logic 1.698ns (40.933%)  route 2.450ns (59.067%))
  Logic Levels:           3  (IBUF=1 LUT3=1 LUT6=1)

    Location             Delay type                Incr(ns)  Path(ns)    Netlist Resource(s)
  -------------------------------------------------------------------    -------------------
    J1                                                0.000     0.000 r  ADC_out (IN)
                         net (fo=0)                   0.000     0.000    ADC_out
    J1                   IBUF (Prop_ibuf_I_O)         1.450     1.450 r  ADC_out_IBUF_inst/O
                         net (fo=9, routed)           1.639     3.089    ldrs_inst/adc_inst/ADC_out_IBUF
    SLICE_X62Y99         LUT3 (Prop_lut3_I0_O)        0.124     3.213 r  ldrs_inst/adc_inst/data_out_s[6]_i_2/O
                         net (fo=2, routed)           0.812     4.025    ldrs_inst/adc_inst/data_out_s[6]_i_2_n_0
    SLICE_X63Y98         LUT6 (Prop_lut6_I0_O)        0.124     4.149 r  ldrs_inst/adc_inst/data_out_s[6]_i_1/O
                         net (fo=1, routed)           0.000     4.149    ldrs_inst/adc_inst/data_out_s[6]_i_1_n_0
    SLICE_X63Y98         FDRE                                         r  ldrs_inst/adc_inst/data_out_s_reg[6]/D
  -------------------------------------------------------------------    -------------------

Slack:                    inf
  Source:                 ADC_out
                            (input port)
  Destination:            ldrs_inst/adc_inst/data_out_s_reg[1]/D
  Path Group:             (none)
  Path Type:              Max at Slow Process Corner
  Data Path Delay:        3.811ns  (logic 1.698ns (44.556%)  route 2.113ns (55.444%))
  Logic Levels:           3  (IBUF=1 LUT5=1 LUT6=1)

    Location             Delay type                Incr(ns)  Path(ns)    Netlist Resource(s)
  -------------------------------------------------------------------    -------------------
    J1                                                0.000     0.000 r  ADC_out (IN)
                         net (fo=0)                   0.000     0.000    ADC_out
    J1                   IBUF (Prop_ibuf_I_O)         1.450     1.450 r  ADC_out_IBUF_inst/O
                         net (fo=9, routed)           1.532     2.983    ldrs_inst/adc_inst/ADC_out_IBUF
    SLICE_X64Y99         LUT5 (Prop_lut5_I2_O)        0.124     3.107 r  ldrs_inst/adc_inst/data_out_s[1]_i_2/O
                         net (fo=1, routed)           0.581     3.687    ldrs_inst/adc_inst/data_out_s[1]_i_2_n_0
    SLICE_X63Y98         LUT6 (Prop_lut6_I0_O)        0.124     3.811 r  ldrs_inst/adc_inst/data_out_s[1]_i_1/O
                         net (fo=1, routed)           0.000     3.811    ldrs_inst/adc_inst/data_out_s[1]_i_1_n_0
    SLICE_X63Y98         FDRE                                         r  ldrs_inst/adc_inst/data_out_s_reg[1]/D
  -------------------------------------------------------------------    -------------------

Slack:                    inf
  Source:                 ADC_out
                            (input port)
  Destination:            ldrs_inst/adc_inst/data_out_s_reg[5]/D
  Path Group:             (none)
  Path Type:              Max at Slow Process Corner
  Data Path Delay:        3.631ns  (logic 1.698ns (46.766%)  route 1.933ns (53.234%))
  Logic Levels:           3  (IBUF=1 LUT5=1 LUT6=1)

    Location             Delay type                Incr(ns)  Path(ns)    Netlist Resource(s)
  -------------------------------------------------------------------    -------------------
    J1                                                0.000     0.000 r  ADC_out (IN)
                         net (fo=0)                   0.000     0.000    ADC_out
    J1                   IBUF (Prop_ibuf_I_O)         1.450     1.450 r  ADC_out_IBUF_inst/O
                         net (fo=9, routed)           1.380     2.831    ldrs_inst/adc_inst/ADC_out_IBUF
    SLICE_X63Y99         LUT5 (Prop_lut5_I4_O)        0.124     2.955 r  ldrs_inst/adc_inst/data_out_s[5]_i_2/O
                         net (fo=1, routed)           0.553     3.507    ldrs_inst/adc_inst/data_out_s[5]_i_2_n_0
    SLICE_X61Y99         LUT6 (Prop_lut6_I0_O)        0.124     3.631 r  ldrs_inst/adc_inst/data_out_s[5]_i_1/O
                         net (fo=1, routed)           0.000     3.631    ldrs_inst/adc_inst/data_out_s[5]_i_1_n_0
    SLICE_X61Y99         FDRE                                         r  ldrs_inst/adc_inst/data_out_s_reg[5]/D
  -------------------------------------------------------------------    -------------------

Slack:                    inf
  Source:                 ADC_out
                            (input port)
  Destination:            ldrs_inst/adc_inst/data_out_s_reg[3]/D
  Path Group:             (none)
  Path Type:              Max at Slow Process Corner
  Data Path Delay:        3.555ns  (logic 1.698ns (47.773%)  route 1.856ns (52.227%))
  Logic Levels:           3  (IBUF=1 LUT3=1 LUT6=1)

    Location             Delay type                Incr(ns)  Path(ns)    Netlist Resource(s)
  -------------------------------------------------------------------    -------------------
    J1                                                0.000     0.000 r  ADC_out (IN)
                         net (fo=0)                   0.000     0.000    ADC_out
    J1                   IBUF (Prop_ibuf_I_O)         1.450     1.450 r  ADC_out_IBUF_inst/O
                         net (fo=9, routed)           1.705     3.155    ldrs_inst/adc_inst/ADC_out_IBUF
    SLICE_X63Y98         LUT3 (Prop_lut3_I1_O)        0.124     3.279 r  ldrs_inst/adc_inst/data_out_s[3]_i_2/O
                         net (fo=1, routed)           0.151     3.431    ldrs_inst/adc_inst/data_out_s[3]_i_2_n_0
    SLICE_X63Y98         LUT6 (Prop_lut6_I0_O)        0.124     3.555 r  ldrs_inst/adc_inst/data_out_s[3]_i_1/O
                         net (fo=1, routed)           0.000     3.555    ldrs_inst/adc_inst/data_out_s[3]_i_1_n_0
    SLICE_X63Y98         FDRE                                         r  ldrs_inst/adc_inst/data_out_s_reg[3]/D
  -------------------------------------------------------------------    -------------------

Slack:                    inf
  Source:                 ADC_out
                            (input port)
  Destination:            ldrs_inst/adc_inst/data_out_s_reg[7]/D
  Path Group:             (none)
  Path Type:              Max at Slow Process Corner
  Data Path Delay:        3.461ns  (logic 1.926ns (55.654%)  route 1.535ns (44.346%))
  Logic Levels:           3  (IBUF=1 LUT5=1 LUT6=1)

    Location             Delay type                Incr(ns)  Path(ns)    Netlist Resource(s)
  -------------------------------------------------------------------    -------------------
    J1                                                0.000     0.000 r  ADC_out (IN)
                         net (fo=0)                   0.000     0.000    ADC_out
    J1                   IBUF (Prop_ibuf_I_O)         1.450     1.450 r  ADC_out_IBUF_inst/O
                         net (fo=9, routed)           1.380     2.831    ldrs_inst/adc_inst/ADC_out_IBUF
    SLICE_X63Y99         LUT5 (Prop_lut5_I3_O)        0.150     2.981 r  ldrs_inst/adc_inst/data_out_s[7]_i_2/O
                         net (fo=1, routed)           0.154     3.135    ldrs_inst/adc_inst/data_out_s[7]_i_2_n_0
    SLICE_X63Y99         LUT6 (Prop_lut6_I0_O)        0.326     3.461 r  ldrs_inst/adc_inst/data_out_s[7]_i_1/O
                         net (fo=1, routed)           0.000     3.461    ldrs_inst/adc_inst/data_out_s[7]_i_1_n_0
    SLICE_X63Y99         FDRE                                         r  ldrs_inst/adc_inst/data_out_s_reg[7]/D
  -------------------------------------------------------------------    -------------------





Min Delay Paths
--------------------------------------------------------------------------------------
Slack:                    inf
  Source:                 ldrs_inst/adc_inst/data_out_s_reg[2]/C
                            (rising edge-triggered cell FDRE)
  Destination:            ldrs_inst/adc_inst/data_out_reg[2]/D
  Path Group:             (none)
  Path Type:              Min at Fast Process Corner
  Data Path Delay:        0.262ns  (logic 0.141ns (53.794%)  route 0.121ns (46.206%))
  Logic Levels:           1  (FDRE=1)

    Location             Delay type                Incr(ns)  Path(ns)    Netlist Resource(s)
  -------------------------------------------------------------------    -------------------
    SLICE_X61Y99         FDRE                         0.000     0.000 r  ldrs_inst/adc_inst/data_out_s_reg[2]/C
    SLICE_X61Y99         FDRE (Prop_fdre_C_Q)         0.141     0.141 r  ldrs_inst/adc_inst/data_out_s_reg[2]/Q
                         net (fo=2, routed)           0.121     0.262    ldrs_inst/adc_inst/data_out_s[2]
    SLICE_X61Y98         FDRE                                         r  ldrs_inst/adc_inst/data_out_reg[2]/D
  -------------------------------------------------------------------    -------------------

Slack:                    inf
  Source:                 ldrs_inst/adc_inst/data_out_s_reg[6]/C
                            (rising edge-triggered cell FDRE)
  Destination:            ldrs_inst/adc_inst/data_out_reg[6]/D
  Path Group:             (none)
  Path Type:              Min at Fast Process Corner
  Data Path Delay:        0.268ns  (logic 0.141ns (52.631%)  route 0.127ns (47.369%))
  Logic Levels:           1  (FDRE=1)

    Location             Delay type                Incr(ns)  Path(ns)    Netlist Resource(s)
  -------------------------------------------------------------------    -------------------
    SLICE_X63Y98         FDRE                         0.000     0.000 r  ldrs_inst/adc_inst/data_out_s_reg[6]/C
    SLICE_X63Y98         FDRE (Prop_fdre_C_Q)         0.141     0.141 r  ldrs_inst/adc_inst/data_out_s_reg[6]/Q
                         net (fo=2, routed)           0.127     0.268    ldrs_inst/adc_inst/data_out_s[6]
    SLICE_X62Y98         FDRE                                         r  ldrs_inst/adc_inst/data_out_reg[6]/D
  -------------------------------------------------------------------    -------------------

Slack:                    inf
  Source:                 ldrs_inst/adc_inst/data_out_s_reg[1]/C
                            (rising edge-triggered cell FDRE)
  Destination:            ldrs_inst/adc_inst/data_out_reg[1]/D
  Path Group:             (none)
  Path Type:              Min at Fast Process Corner
  Data Path Delay:        0.270ns  (logic 0.141ns (52.249%)  route 0.129ns (47.752%))
  Logic Levels:           1  (FDRE=1)

    Location             Delay type                Incr(ns)  Path(ns)    Netlist Resource(s)
  -------------------------------------------------------------------    -------------------
    SLICE_X63Y98         FDRE                         0.000     0.000 r  ldrs_inst/adc_inst/data_out_s_reg[1]/C
    SLICE_X63Y98         FDRE (Prop_fdre_C_Q)         0.141     0.141 r  ldrs_inst/adc_inst/data_out_s_reg[1]/Q
                         net (fo=2, routed)           0.129     0.270    ldrs_inst/adc_inst/data_out_s[1]
    SLICE_X62Y98         FDRE                                         r  ldrs_inst/adc_inst/data_out_reg[1]/D
  -------------------------------------------------------------------    -------------------

Slack:                    inf
  Source:                 ldrs_inst/adc_inst/data_out_s_reg[8]/C
                            (rising edge-triggered cell FDRE)
  Destination:            ldrs_inst/adc_inst/data_out_reg[8]/D
  Path Group:             (none)
  Path Type:              Min at Fast Process Corner
  Data Path Delay:        0.275ns  (logic 0.148ns (53.732%)  route 0.127ns (46.268%))
  Logic Levels:           1  (FDRE=1)

    Location             Delay type                Incr(ns)  Path(ns)    Netlist Resource(s)
  -------------------------------------------------------------------    -------------------
    SLICE_X60Y99         FDRE                         0.000     0.000 r  ldrs_inst/adc_inst/data_out_s_reg[8]/C
    SLICE_X60Y99         FDRE (Prop_fdre_C_Q)         0.148     0.148 r  ldrs_inst/adc_inst/data_out_s_reg[8]/Q
                         net (fo=2, routed)           0.127     0.275    ldrs_inst/adc_inst/data_out_s[8]
    SLICE_X61Y98         FDRE                                         r  ldrs_inst/adc_inst/data_out_reg[8]/D
  -------------------------------------------------------------------    -------------------

Slack:                    inf
  Source:                 ldrs_inst/adc_inst/data_out_s_reg[5]/C
                            (rising edge-triggered cell FDRE)
  Destination:            ldrs_inst/adc_inst/data_out_s_reg[5]/D
  Path Group:             (none)
  Path Type:              Min at Fast Process Corner
  Data Path Delay:        0.301ns  (logic 0.186ns (61.784%)  route 0.115ns (38.216%))
  Logic Levels:           2  (FDRE=1 LUT6=1)

    Location             Delay type                Incr(ns)  Path(ns)    Netlist Resource(s)
  -------------------------------------------------------------------    -------------------
    SLICE_X61Y99         FDRE                         0.000     0.000 r  ldrs_inst/adc_inst/data_out_s_reg[5]/C
    SLICE_X61Y99         FDRE (Prop_fdre_C_Q)         0.141     0.141 r  ldrs_inst/adc_inst/data_out_s_reg[5]/Q
                         net (fo=2, routed)           0.115     0.256    ldrs_inst/adc_inst/data_out_s[5]
    SLICE_X61Y99         LUT6 (Prop_lut6_I5_O)        0.045     0.301 r  ldrs_inst/adc_inst/data_out_s[5]_i_1/O
                         net (fo=1, routed)           0.000     0.301    ldrs_inst/adc_inst/data_out_s[5]_i_1_n_0
    SLICE_X61Y99         FDRE                                         r  ldrs_inst/adc_inst/data_out_s_reg[5]/D
  -------------------------------------------------------------------    -------------------

Slack:                    inf
  Source:                 ldrs_inst/adc_inst/data_out_s_reg[5]/C
                            (rising edge-triggered cell FDRE)
  Destination:            ldrs_inst/adc_inst/data_out_reg[5]/D
  Path Group:             (none)
  Path Type:              Min at Fast Process Corner
  Data Path Delay:        0.316ns  (logic 0.141ns (44.632%)  route 0.175ns (55.368%))
  Logic Levels:           1  (FDRE=1)

    Location             Delay type                Incr(ns)  Path(ns)    Netlist Resource(s)
  -------------------------------------------------------------------    -------------------
    SLICE_X61Y99         FDRE                         0.000     0.000 r  ldrs_inst/adc_inst/data_out_s_reg[5]/C
    SLICE_X61Y99         FDRE (Prop_fdre_C_Q)         0.141     0.141 r  ldrs_inst/adc_inst/data_out_s_reg[5]/Q
                         net (fo=2, routed)           0.175     0.316    ldrs_inst/adc_inst/data_out_s[5]
    SLICE_X61Y98         FDRE                                         r  ldrs_inst/adc_inst/data_out_reg[5]/D
  -------------------------------------------------------------------    -------------------

Slack:                    inf
  Source:                 ldrs_inst/adc_inst/FSM_sequential_Pasos_reg[3]/C
                            (rising edge-triggered cell FDRE)
  Destination:            ldrs_inst/adc_inst/data_out_s_reg[4]/D
  Path Group:             (none)
  Path Type:              Min at Fast Process Corner
  Data Path Delay:        0.318ns  (logic 0.186ns (58.435%)  route 0.132ns (41.565%))
  Logic Levels:           2  (FDRE=1 LUT6=1)

    Location             Delay type                Incr(ns)  Path(ns)    Netlist Resource(s)
  -------------------------------------------------------------------    -------------------
    SLICE_X63Y99         FDRE                         0.000     0.000 r  ldrs_inst/adc_inst/FSM_sequential_Pasos_reg[3]/C
    SLICE_X63Y99         FDRE (Prop_fdre_C_Q)         0.141     0.141 r  ldrs_inst/adc_inst/FSM_sequential_Pasos_reg[3]/Q
                         net (fo=17, routed)          0.132     0.273    ldrs_inst/adc_inst/Pasos[3]
    SLICE_X62Y99         LUT6 (Prop_lut6_I1_O)        0.045     0.318 r  ldrs_inst/adc_inst/data_out_s[4]_i_1/O
                         net (fo=1, routed)           0.000     0.318    ldrs_inst/adc_inst/data_out_s[4]_i_1_n_0
    SLICE_X62Y99         FDRE                                         r  ldrs_inst/adc_inst/data_out_s_reg[4]/D
  -------------------------------------------------------------------    -------------------

Slack:                    inf
  Source:                 ldrs_inst/adc_inst/data_out_s_reg[7]/C
                            (rising edge-triggered cell FDRE)
  Destination:            ldrs_inst/adc_inst/data_out_reg[7]/D
  Path Group:             (none)
  Path Type:              Min at Fast Process Corner
  Data Path Delay:        0.324ns  (logic 0.141ns (43.486%)  route 0.183ns (56.514%))
  Logic Levels:           1  (FDRE=1)

    Location             Delay type                Incr(ns)  Path(ns)    Netlist Resource(s)
  -------------------------------------------------------------------    -------------------
    SLICE_X63Y99         FDRE                         0.000     0.000 r  ldrs_inst/adc_inst/data_out_s_reg[7]/C
    SLICE_X63Y99         FDRE (Prop_fdre_C_Q)         0.141     0.141 r  ldrs_inst/adc_inst/data_out_s_reg[7]/Q
                         net (fo=2, routed)           0.183     0.324    ldrs_inst/adc_inst/data_out_s[7]
    SLICE_X62Y98         FDRE                                         r  ldrs_inst/adc_inst/data_out_reg[7]/D
  -------------------------------------------------------------------    -------------------

Slack:                    inf
  Source:                 ldrs_inst/adc_inst/data_out_s_reg[4]/C
                            (rising edge-triggered cell FDRE)
  Destination:            ldrs_inst/adc_inst/data_out_reg[4]/D
  Path Group:             (none)
  Path Type:              Min at Fast Process Corner
  Data Path Delay:        0.325ns  (logic 0.141ns (43.451%)  route 0.184ns (56.549%))
  Logic Levels:           1  (FDRE=1)

    Location             Delay type                Incr(ns)  Path(ns)    Netlist Resource(s)
  -------------------------------------------------------------------    -------------------
    SLICE_X62Y99         FDRE                         0.000     0.000 r  ldrs_inst/adc_inst/data_out_s_reg[4]/C
    SLICE_X62Y99         FDRE (Prop_fdre_C_Q)         0.141     0.141 r  ldrs_inst/adc_inst/data_out_s_reg[4]/Q
                         net (fo=2, routed)           0.184     0.325    ldrs_inst/adc_inst/data_out_s[4]
    SLICE_X62Y98         FDRE                                         r  ldrs_inst/adc_inst/data_out_reg[4]/D
  -------------------------------------------------------------------    -------------------

Slack:                    inf
  Source:                 ldrs_inst/adc_inst/data_out_s_reg[3]/C
                            (rising edge-triggered cell FDRE)
  Destination:            ldrs_inst/adc_inst/data_out_reg[3]/D
  Path Group:             (none)
  Path Type:              Min at Fast Process Corner
  Data Path Delay:        0.329ns  (logic 0.141ns (42.917%)  route 0.188ns (57.083%))
  Logic Levels:           1  (FDRE=1)

    Location             Delay type                Incr(ns)  Path(ns)    Netlist Resource(s)
  -------------------------------------------------------------------    -------------------
    SLICE_X63Y98         FDRE                         0.000     0.000 r  ldrs_inst/adc_inst/data_out_s_reg[3]/C
    SLICE_X63Y98         FDRE (Prop_fdre_C_Q)         0.141     0.141 r  ldrs_inst/adc_inst/data_out_s_reg[3]/Q
                         net (fo=2, routed)           0.188     0.329    ldrs_inst/adc_inst/data_out_s[3]
    SLICE_X62Y98         FDRE                                         r  ldrs_inst/adc_inst/data_out_reg[3]/D
  -------------------------------------------------------------------    -------------------





--------------------------------------------------------------------------------------
Path Group:  (none)
From Clock:  sys_clk_pin
  To Clock:  

Max Delay            12 Endpoints
Min Delay            12 Endpoints
--------------------------------------------------------------------------------------


Max Delay Paths
--------------------------------------------------------------------------------------
Slack:                    inf
  Source:                 motores_inst/motor_controller/counter_reg[10]/C
                            (rising edge-triggered cell FDCE clocked by sys_clk_pin  {rise@0.000ns fall@5.000ns period=10.000ns})
  Destination:            pwm
                            (output port)
  Path Group:             (none)
  Path Type:              Max at Slow Process Corner
  Data Path Delay:        11.268ns  (logic 4.994ns (44.319%)  route 6.274ns (55.681%))
  Logic Levels:           4  (CARRY4=2 LUT4=1 OBUF=1)
  Clock Uncertainty:      0.025ns  ((TSJ^2 + TIJ^2)^1/2 + DJ) / 2 + PE
    Total System Jitter     (TSJ):    0.050ns
    Total Input Jitter      (TIJ):    0.000ns
    Discrete Jitter          (DJ):    0.000ns
    Phase Error              (PE):    0.000ns

    Location             Delay type                Incr(ns)  Path(ns)    Netlist Resource(s)
  -------------------------------------------------------------------    -------------------
                         (clock sys_clk_pin rise edge)
                                                      0.000     0.000 r  
    W5                                                0.000     0.000 r  clk (IN)
                         net (fo=0)                   0.000     0.000    clk
    W5                   IBUF (Prop_ibuf_I_O)         1.458     1.458 r  clk_IBUF_inst/O
                         net (fo=1, routed)           1.967     3.425    clk_IBUF
    BUFGCTRL_X0Y0        BUFG (Prop_bufg_I_O)         0.096     3.521 r  clk_IBUF_BUFG_inst/O
                         net (fo=212, routed)         1.623     5.144    motores_inst/motor_controller/CLK
    SLICE_X62Y88         FDCE                                         r  motores_inst/motor_controller/counter_reg[10]/C
  -------------------------------------------------------------------    -------------------
    SLICE_X62Y88         FDCE (Prop_fdce_C_Q)         0.456     5.600 r  motores_inst/motor_controller/counter_reg[10]/Q
                         net (fo=4, routed)           1.226     6.826    motores_inst/motor_controller/counter_reg_n_0_[10]
    SLICE_X62Y90         LUT4 (Prop_lut4_I2_O)        0.124     6.950 r  motores_inst/motor_controller/pwm0_carry__0_i_8/O
                         net (fo=1, routed)           0.000     6.950    motores_inst/motor_controller/pwm0_carry__0_i_8_n_0
    SLICE_X62Y90         CARRY4 (Prop_carry4_S[0]_CO[3])
                                                      0.532     7.482 r  motores_inst/motor_controller/pwm0_carry__0/CO[3]
                         net (fo=1, routed)           0.000     7.482    motores_inst/motor_controller/pwm0_carry__0_n_0
    SLICE_X62Y91         CARRY4 (Prop_carry4_CI_CO[1])
                                                      0.157     7.639 r  motores_inst/motor_controller/pwm0_carry__1/CO[1]
                         net (fo=1, routed)           5.048    12.687    pwm_OBUF
    A14                  OBUF (Prop_obuf_I_O)         3.725    16.412 r  pwm_OBUF_inst/O
                         net (fo=0)                   0.000    16.412    pwm
    A14                                                               r  pwm (OUT)
  -------------------------------------------------------------------    -------------------

Slack:                    inf
  Source:                 motores_inst/motor1_controller/counter_reg[11]/C
                            (rising edge-triggered cell FDCE clocked by sys_clk_pin  {rise@0.000ns fall@5.000ns period=10.000ns})
  Destination:            pwm1
                            (output port)
  Path Group:             (none)
  Path Type:              Max at Slow Process Corner
  Data Path Delay:        10.550ns  (logic 4.986ns (47.258%)  route 5.564ns (52.742%))
  Logic Levels:           4  (CARRY4=2 LUT4=1 OBUF=1)
  Clock Uncertainty:      0.025ns  ((TSJ^2 + TIJ^2)^1/2 + DJ) / 2 + PE
    Total System Jitter     (TSJ):    0.050ns
    Total Input Jitter      (TIJ):    0.000ns
    Discrete Jitter          (DJ):    0.000ns
    Phase Error              (PE):    0.000ns

    Location             Delay type                Incr(ns)  Path(ns)    Netlist Resource(s)
  -------------------------------------------------------------------    -------------------
                         (clock sys_clk_pin rise edge)
                                                      0.000     0.000 r  
    W5                                                0.000     0.000 r  clk (IN)
                         net (fo=0)                   0.000     0.000    clk
    W5                   IBUF (Prop_ibuf_I_O)         1.458     1.458 r  clk_IBUF_inst/O
                         net (fo=1, routed)           1.967     3.425    clk_IBUF
    BUFGCTRL_X0Y0        BUFG (Prop_bufg_I_O)         0.096     3.521 r  clk_IBUF_BUFG_inst/O
                         net (fo=212, routed)         1.556     5.077    motores_inst/motor1_controller/CLK
    SLICE_X55Y88         FDCE                                         r  motores_inst/motor1_controller/counter_reg[11]/C
  -------------------------------------------------------------------    -------------------
    SLICE_X55Y88         FDCE (Prop_fdce_C_Q)         0.456     5.533 r  motores_inst/motor1_controller/counter_reg[11]/Q
                         net (fo=4, routed)           1.251     6.784    motores_inst/motor1_controller/counter_reg_n_0_[11]
    SLICE_X55Y92         LUT4 (Prop_lut4_I0_O)        0.124     6.908 r  motores_inst/motor1_controller/pwm0_carry__0_i_8__0/O
                         net (fo=1, routed)           0.000     6.908    motores_inst/motor1_controller/pwm0_carry__0_i_8__0_n_0
    SLICE_X55Y92         CARRY4 (Prop_carry4_S[0]_CO[3])
                                                      0.532     7.440 r  motores_inst/motor1_controller/pwm0_carry__0/CO[3]
                         net (fo=1, routed)           0.000     7.440    motores_inst/motor1_controller/pwm0_carry__0_n_0
    SLICE_X55Y93         CARRY4 (Prop_carry4_CI_CO[1])
                                                      0.157     7.597 r  motores_inst/motor1_controller/pwm0_carry__1/CO[1]
                         net (fo=1, routed)           4.313    11.910    pwm1_OBUF
    A16                  OBUF (Prop_obuf_I_O)         3.717    15.627 r  pwm1_OBUF_inst/O
                         net (fo=0)                   0.000    15.627    pwm1
    A16                                                               r  pwm1 (OUT)
  -------------------------------------------------------------------    -------------------

Slack:                    inf
  Source:                 ldrs_inst/display_select_reg[1]/C
                            (rising edge-triggered cell FDRE clocked by sys_clk_pin  {rise@0.000ns fall@5.000ns period=10.000ns})
  Destination:            an[3]
                            (output port)
  Path Group:             (none)
  Path Type:              Max at Slow Process Corner
  Data Path Delay:        9.657ns  (logic 4.525ns (46.860%)  route 5.132ns (53.140%))
  Logic Levels:           2  (LUT2=1 OBUF=1)
  Clock Uncertainty:      0.025ns  ((TSJ^2 + TIJ^2)^1/2 + DJ) / 2 + PE
    Total System Jitter     (TSJ):    0.050ns
    Total Input Jitter      (TIJ):    0.000ns
    Discrete Jitter          (DJ):    0.000ns
    Phase Error              (PE):    0.000ns

    Location             Delay type                Incr(ns)  Path(ns)    Netlist Resource(s)
  -------------------------------------------------------------------    -------------------
                         (clock sys_clk_pin rise edge)
                                                      0.000     0.000 r  
    W5                                                0.000     0.000 r  clk (IN)
                         net (fo=0)                   0.000     0.000    clk
    W5                   IBUF (Prop_ibuf_I_O)         1.458     1.458 r  clk_IBUF_inst/O
                         net (fo=1, routed)           1.967     3.425    clk_IBUF
    BUFGCTRL_X0Y0        BUFG (Prop_bufg_I_O)         0.096     3.521 r  clk_IBUF_BUFG_inst/O
                         net (fo=212, routed)         1.625     5.146    ldrs_inst/clk_IBUF_BUFG
    SLICE_X60Y95         FDRE                                         r  ldrs_inst/display_select_reg[1]/C
  -------------------------------------------------------------------    -------------------
    SLICE_X60Y95         FDRE (Prop_fdre_C_Q)         0.478     5.624 f  ldrs_inst/display_select_reg[1]/Q
                         net (fo=5, routed)           1.000     6.624    ldrs_inst/display_select[1]
    SLICE_X62Y92         LUT2 (Prop_lut2_I0_O)        0.329     6.953 r  ldrs_inst/an_OBUF[3]_inst_i_1/O
                         net (fo=1, routed)           4.132    11.085    an_OBUF[3]
    W4                   OBUF (Prop_obuf_I_O)         3.718    14.803 r  an_OBUF[3]_inst/O
                         net (fo=0)                   0.000    14.803    an[3]
    W4                                                                r  an[3] (OUT)
  -------------------------------------------------------------------    -------------------

Slack:                    inf
  Source:                 ldrs_inst/display_select_reg[1]/C
                            (rising edge-triggered cell FDRE clocked by sys_clk_pin  {rise@0.000ns fall@5.000ns period=10.000ns})
  Destination:            an[0]
                            (output port)
  Path Group:             (none)
  Path Type:              Max at Slow Process Corner
  Data Path Delay:        9.411ns  (logic 4.512ns (47.942%)  route 4.899ns (52.058%))
  Logic Levels:           2  (LUT2=1 OBUF=1)
  Clock Uncertainty:      0.025ns  ((TSJ^2 + TIJ^2)^1/2 + DJ) / 2 + PE
    Total System Jitter     (TSJ):    0.050ns
    Total Input Jitter      (TIJ):    0.000ns
    Discrete Jitter          (DJ):    0.000ns
    Phase Error              (PE):    0.000ns

    Location             Delay type                Incr(ns)  Path(ns)    Netlist Resource(s)
  -------------------------------------------------------------------    -------------------
                         (clock sys_clk_pin rise edge)
                                                      0.000     0.000 r  
    W5                                                0.000     0.000 r  clk (IN)
                         net (fo=0)                   0.000     0.000    clk
    W5                   IBUF (Prop_ibuf_I_O)         1.458     1.458 r  clk_IBUF_inst/O
                         net (fo=1, routed)           1.967     3.425    clk_IBUF
    BUFGCTRL_X0Y0        BUFG (Prop_bufg_I_O)         0.096     3.521 r  clk_IBUF_BUFG_inst/O
                         net (fo=212, routed)         1.625     5.146    ldrs_inst/clk_IBUF_BUFG
    SLICE_X60Y95         FDRE                                         r  ldrs_inst/display_select_reg[1]/C
  -------------------------------------------------------------------    -------------------
    SLICE_X60Y95         FDRE (Prop_fdre_C_Q)         0.478     5.624 r  ldrs_inst/display_select_reg[1]/Q
                         net (fo=5, routed)           1.007     6.631    ldrs_inst/display_select[1]
    SLICE_X62Y92         LUT2 (Prop_lut2_I0_O)        0.329     6.960 r  ldrs_inst/an_OBUF[0]_inst_i_1/O
                         net (fo=1, routed)           3.892    10.852    an_OBUF[0]
    U2                   OBUF (Prop_obuf_I_O)         3.705    14.557 r  an_OBUF[0]_inst/O
                         net (fo=0)                   0.000    14.557    an[0]
    U2                                                                r  an[0] (OUT)
  -------------------------------------------------------------------    -------------------

Slack:                    inf
  Source:                 ldrs_inst/display_select_reg[0]/C
                            (rising edge-triggered cell FDRE clocked by sys_clk_pin  {rise@0.000ns fall@5.000ns period=10.000ns})
  Destination:            seg[5]
                            (output port)
  Path Group:             (none)
  Path Type:              Max at Slow Process Corner
  Data Path Delay:        9.405ns  (logic 4.277ns (45.482%)  route 5.127ns (54.518%))
  Logic Levels:           2  (LUT6=1 OBUF=1)
  Clock Uncertainty:      0.025ns  ((TSJ^2 + TIJ^2)^1/2 + DJ) / 2 + PE
    Total System Jitter     (TSJ):    0.050ns
    Total Input Jitter      (TIJ):    0.000ns
    Discrete Jitter          (DJ):    0.000ns
    Phase Error              (PE):    0.000ns

    Location             Delay type                Incr(ns)  Path(ns)    Netlist Resource(s)
  -------------------------------------------------------------------    -------------------
                         (clock sys_clk_pin rise edge)
                                                      0.000     0.000 r  
    W5                                                0.000     0.000 r  clk (IN)
                         net (fo=0)                   0.000     0.000    clk
    W5                   IBUF (Prop_ibuf_I_O)         1.458     1.458 r  clk_IBUF_inst/O
                         net (fo=1, routed)           1.967     3.425    clk_IBUF
    BUFGCTRL_X0Y0        BUFG (Prop_bufg_I_O)         0.096     3.521 r  clk_IBUF_BUFG_inst/O
                         net (fo=212, routed)         1.625     5.146    ldrs_inst/clk_IBUF_BUFG
    SLICE_X60Y95         FDRE                                         r  ldrs_inst/display_select_reg[0]/C
  -------------------------------------------------------------------    -------------------
    SLICE_X60Y95         FDRE (Prop_fdre_C_Q)         0.478     5.624 r  ldrs_inst/display_select_reg[0]/Q
                         net (fo=5, routed)           0.820     6.444    ldrs_inst/display_select[0]
    SLICE_X59Y95         LUT6 (Prop_lut6_I2_O)        0.295     6.739 r  ldrs_inst/seg_OBUF[5]_inst_i_1/O
                         net (fo=4, routed)           4.307    11.046    seg_OBUF[0]
    V5                   OBUF (Prop_obuf_I_O)         3.504    14.550 r  seg_OBUF[5]_inst/O
                         net (fo=0)                   0.000    14.550    seg[5]
    V5                                                                r  seg[5] (OUT)
  -------------------------------------------------------------------    -------------------

Slack:                    inf
  Source:                 ldrs_inst/display_select_reg[0]/C
                            (rising edge-triggered cell FDRE clocked by sys_clk_pin  {rise@0.000ns fall@5.000ns period=10.000ns})
  Destination:            seg[4]
                            (output port)
  Path Group:             (none)
  Path Type:              Max at Slow Process Corner
  Data Path Delay:        9.280ns  (logic 4.293ns (46.259%)  route 4.987ns (53.741%))
  Logic Levels:           2  (LUT6=1 OBUF=1)
  Clock Uncertainty:      0.025ns  ((TSJ^2 + TIJ^2)^1/2 + DJ) / 2 + PE
    Total System Jitter     (TSJ):    0.050ns
    Total Input Jitter      (TIJ):    0.000ns
    Discrete Jitter          (DJ):    0.000ns
    Phase Error              (PE):    0.000ns

    Location             Delay type                Incr(ns)  Path(ns)    Netlist Resource(s)
  -------------------------------------------------------------------    -------------------
                         (clock sys_clk_pin rise edge)
                                                      0.000     0.000 r  
    W5                                                0.000     0.000 r  clk (IN)
                         net (fo=0)                   0.000     0.000    clk
    W5                   IBUF (Prop_ibuf_I_O)         1.458     1.458 r  clk_IBUF_inst/O
                         net (fo=1, routed)           1.967     3.425    clk_IBUF
    BUFGCTRL_X0Y0        BUFG (Prop_bufg_I_O)         0.096     3.521 r  clk_IBUF_BUFG_inst/O
                         net (fo=212, routed)         1.625     5.146    ldrs_inst/clk_IBUF_BUFG
    SLICE_X60Y95         FDRE                                         r  ldrs_inst/display_select_reg[0]/C
  -------------------------------------------------------------------    -------------------
    SLICE_X60Y95         FDRE (Prop_fdre_C_Q)         0.478     5.624 r  ldrs_inst/display_select_reg[0]/Q
                         net (fo=5, routed)           0.820     6.444    ldrs_inst/display_select[0]
    SLICE_X59Y95         LUT6 (Prop_lut6_I2_O)        0.295     6.739 r  ldrs_inst/seg_OBUF[5]_inst_i_1/O
                         net (fo=4, routed)           4.167    10.906    seg_OBUF[0]
    U5                   OBUF (Prop_obuf_I_O)         3.520    14.426 r  seg_OBUF[4]_inst/O
                         net (fo=0)                   0.000    14.426    seg[4]
    U5                                                                r  seg[4] (OUT)
  -------------------------------------------------------------------    -------------------

Slack:                    inf
  Source:                 ldrs_inst/display_select_reg[1]/C
                            (rising edge-triggered cell FDRE clocked by sys_clk_pin  {rise@0.000ns fall@5.000ns period=10.000ns})
  Destination:            an[2]
                            (output port)
  Path Group:             (none)
  Path Type:              Max at Slow Process Corner
  Data Path Delay:        9.103ns  (logic 4.302ns (47.260%)  route 4.801ns (52.740%))
  Logic Levels:           2  (LUT2=1 OBUF=1)
  Clock Uncertainty:      0.025ns  ((TSJ^2 + TIJ^2)^1/2 + DJ) / 2 + PE
    Total System Jitter     (TSJ):    0.050ns
    Total Input Jitter      (TIJ):    0.000ns
    Discrete Jitter          (DJ):    0.000ns
    Phase Error              (PE):    0.000ns

    Location             Delay type                Incr(ns)  Path(ns)    Netlist Resource(s)
  -------------------------------------------------------------------    -------------------
                         (clock sys_clk_pin rise edge)
                                                      0.000     0.000 r  
    W5                                                0.000     0.000 r  clk (IN)
                         net (fo=0)                   0.000     0.000    clk
    W5                   IBUF (Prop_ibuf_I_O)         1.458     1.458 r  clk_IBUF_inst/O
                         net (fo=1, routed)           1.967     3.425    clk_IBUF
    BUFGCTRL_X0Y0        BUFG (Prop_bufg_I_O)         0.096     3.521 r  clk_IBUF_BUFG_inst/O
                         net (fo=212, routed)         1.625     5.146    ldrs_inst/clk_IBUF_BUFG
    SLICE_X60Y95         FDRE                                         r  ldrs_inst/display_select_reg[1]/C
  -------------------------------------------------------------------    -------------------
    SLICE_X60Y95         FDRE (Prop_fdre_C_Q)         0.478     5.624 f  ldrs_inst/display_select_reg[1]/Q
                         net (fo=5, routed)           1.000     6.624    ldrs_inst/display_select[1]
    SLICE_X62Y92         LUT2 (Prop_lut2_I1_O)        0.301     6.925 r  ldrs_inst/an_OBUF[2]_inst_i_1/O
                         net (fo=1, routed)           3.801    10.726    an_OBUF[2]
    V4                   OBUF (Prop_obuf_I_O)         3.523    14.249 r  an_OBUF[2]_inst/O
                         net (fo=0)                   0.000    14.249    an[2]
    V4                                                                r  an[2] (OUT)
  -------------------------------------------------------------------    -------------------

Slack:                    inf
  Source:                 ldrs_inst/display_select_reg[0]/C
                            (rising edge-triggered cell FDRE clocked by sys_clk_pin  {rise@0.000ns fall@5.000ns period=10.000ns})
  Destination:            seg[3]
                            (output port)
  Path Group:             (none)
  Path Type:              Max at Slow Process Corner
  Data Path Delay:        9.002ns  (logic 4.309ns (47.865%)  route 4.693ns (52.135%))
  Logic Levels:           2  (LUT6=1 OBUF=1)
  Clock Uncertainty:      0.025ns  ((TSJ^2 + TIJ^2)^1/2 + DJ) / 2 + PE
    Total System Jitter     (TSJ):    0.050ns
    Total Input Jitter      (TIJ):    0.000ns
    Discrete Jitter          (DJ):    0.000ns
    Phase Error              (PE):    0.000ns

    Location             Delay type                Incr(ns)  Path(ns)    Netlist Resource(s)
  -------------------------------------------------------------------    -------------------
                         (clock sys_clk_pin rise edge)
                                                      0.000     0.000 r  
    W5                                                0.000     0.000 r  clk (IN)
                         net (fo=0)                   0.000     0.000    clk
    W5                   IBUF (Prop_ibuf_I_O)         1.458     1.458 r  clk_IBUF_inst/O
                         net (fo=1, routed)           1.967     3.425    clk_IBUF
    BUFGCTRL_X0Y0        BUFG (Prop_bufg_I_O)         0.096     3.521 r  clk_IBUF_BUFG_inst/O
                         net (fo=212, routed)         1.625     5.146    ldrs_inst/clk_IBUF_BUFG
    SLICE_X60Y95         FDRE                                         r  ldrs_inst/display_select_reg[0]/C
  -------------------------------------------------------------------    -------------------
    SLICE_X60Y95         FDRE (Prop_fdre_C_Q)         0.478     5.624 r  ldrs_inst/display_select_reg[0]/Q
                         net (fo=5, routed)           0.820     6.444    ldrs_inst/display_select[0]
    SLICE_X59Y95         LUT6 (Prop_lut6_I2_O)        0.295     6.739 r  ldrs_inst/seg_OBUF[5]_inst_i_1/O
                         net (fo=4, routed)           3.873    10.612    seg_OBUF[0]
    V8                   OBUF (Prop_obuf_I_O)         3.536    14.147 r  seg_OBUF[3]_inst/O
                         net (fo=0)                   0.000    14.147    seg[3]
    V8                                                                r  seg[3] (OUT)
  -------------------------------------------------------------------    -------------------

Slack:                    inf
  Source:                 ldrs_inst/display_select_reg[1]/C
                            (rising edge-triggered cell FDRE clocked by sys_clk_pin  {rise@0.000ns fall@5.000ns period=10.000ns})
  Destination:            an[1]
                            (output port)
  Path Group:             (none)
  Path Type:              Max at Slow Process Corner
  Data Path Delay:        8.696ns  (logic 4.278ns (49.196%)  route 4.418ns (50.804%))
  Logic Levels:           2  (LUT2=1 OBUF=1)
  Clock Uncertainty:      0.025ns  ((TSJ^2 + TIJ^2)^1/2 + DJ) / 2 + PE
    Total System Jitter     (TSJ):    0.050ns
    Total Input Jitter      (TIJ):    0.000ns
    Discrete Jitter          (DJ):    0.000ns
    Phase Error              (PE):    0.000ns

    Location             Delay type                Incr(ns)  Path(ns)    Netlist Resource(s)
  -------------------------------------------------------------------    -------------------
                         (clock sys_clk_pin rise edge)
                                                      0.000     0.000 r  
    W5                                                0.000     0.000 r  clk (IN)
                         net (fo=0)                   0.000     0.000    clk
    W5                   IBUF (Prop_ibuf_I_O)         1.458     1.458 r  clk_IBUF_inst/O
                         net (fo=1, routed)           1.967     3.425    clk_IBUF
    BUFGCTRL_X0Y0        BUFG (Prop_bufg_I_O)         0.096     3.521 r  clk_IBUF_BUFG_inst/O
                         net (fo=212, routed)         1.625     5.146    ldrs_inst/clk_IBUF_BUFG
    SLICE_X60Y95         FDRE                                         r  ldrs_inst/display_select_reg[1]/C
  -------------------------------------------------------------------    -------------------
    SLICE_X60Y95         FDRE (Prop_fdre_C_Q)         0.478     5.624 r  ldrs_inst/display_select_reg[1]/Q
                         net (fo=5, routed)           1.007     6.631    ldrs_inst/display_select[1]
    SLICE_X62Y92         LUT2 (Prop_lut2_I0_O)        0.301     6.932 r  ldrs_inst/an_OBUF[1]_inst_i_1/O
                         net (fo=1, routed)           3.411    10.343    an_OBUF[1]
    U4                   OBUF (Prop_obuf_I_O)         3.499    13.842 r  an_OBUF[1]_inst/O
                         net (fo=0)                   0.000    13.842    an[1]
    U4                                                                r  an[1] (OUT)
  -------------------------------------------------------------------    -------------------

Slack:                    inf
  Source:                 ldrs_inst/display_select_reg[0]/C
                            (rising edge-triggered cell FDRE clocked by sys_clk_pin  {rise@0.000ns fall@5.000ns period=10.000ns})
  Destination:            seg[0]
                            (output port)
  Path Group:             (none)
  Path Type:              Max at Slow Process Corner
  Data Path Delay:        8.681ns  (logic 4.284ns (49.343%)  route 4.398ns (50.657%))
  Logic Levels:           2  (LUT6=1 OBUF=1)
  Clock Uncertainty:      0.025ns  ((TSJ^2 + TIJ^2)^1/2 + DJ) / 2 + PE
    Total System Jitter     (TSJ):    0.050ns
    Total Input Jitter      (TIJ):    0.000ns
    Discrete Jitter          (DJ):    0.000ns
    Phase Error              (PE):    0.000ns

    Location             Delay type                Incr(ns)  Path(ns)    Netlist Resource(s)
  -------------------------------------------------------------------    -------------------
                         (clock sys_clk_pin rise edge)
                                                      0.000     0.000 r  
    W5                                                0.000     0.000 r  clk (IN)
                         net (fo=0)                   0.000     0.000    clk
    W5                   IBUF (Prop_ibuf_I_O)         1.458     1.458 r  clk_IBUF_inst/O
                         net (fo=1, routed)           1.967     3.425    clk_IBUF
    BUFGCTRL_X0Y0        BUFG (Prop_bufg_I_O)         0.096     3.521 r  clk_IBUF_BUFG_inst/O
                         net (fo=212, routed)         1.625     5.146    ldrs_inst/clk_IBUF_BUFG
    SLICE_X60Y95         FDRE                                         r  ldrs_inst/display_select_reg[0]/C
  -------------------------------------------------------------------    -------------------
    SLICE_X60Y95         FDRE (Prop_fdre_C_Q)         0.478     5.624 r  ldrs_inst/display_select_reg[0]/Q
                         net (fo=5, routed)           0.820     6.444    ldrs_inst/display_select[0]
    SLICE_X59Y95         LUT6 (Prop_lut6_I2_O)        0.295     6.739 r  ldrs_inst/seg_OBUF[5]_inst_i_1/O
                         net (fo=4, routed)           3.578    10.317    seg_OBUF[0]
    W7                   OBUF (Prop_obuf_I_O)         3.511    13.827 r  seg_OBUF[0]_inst/O
                         net (fo=0)                   0.000    13.827    seg[0]
    W7                                                                r  seg[0] (OUT)
  -------------------------------------------------------------------    -------------------





Min Delay Paths
--------------------------------------------------------------------------------------
Slack:                    inf
  Source:                 ldrs_inst/I2_reg/C
                            (rising edge-triggered cell FDRE clocked by sys_clk_pin  {rise@0.000ns fall@5.000ns period=10.000ns})
  Destination:            ldrs_inst/adc_inst/ADC_in_s_reg/D
  Path Group:             (none)
  Path Type:              Min at Fast Process Corner
  Data Path Delay:        0.599ns  (logic 0.207ns (34.556%)  route 0.392ns (65.444%))
  Logic Levels:           1  (LUT5=1)
  Clock Uncertainty:      0.025ns  ((TSJ^2 + TIJ^2)^1/2 + DJ) / 2 + PE
    Total System Jitter     (TSJ):    0.050ns
    Total Input Jitter      (TIJ):    0.000ns
    Discrete Jitter          (DJ):    0.000ns
    Phase Error              (PE):    0.000ns

    Location             Delay type                Incr(ns)  Path(ns)    Netlist Resource(s)
  -------------------------------------------------------------------    -------------------
                         (clock sys_clk_pin rise edge)
                                                      0.000     0.000 r  
    W5                                                0.000     0.000 r  clk (IN)
                         net (fo=0)                   0.000     0.000    clk
    W5                   IBUF (Prop_ibuf_I_O)         0.226     0.226 r  clk_IBUF_inst/O
                         net (fo=1, routed)           0.631     0.858    clk_IBUF
    BUFGCTRL_X0Y0        BUFG (Prop_bufg_I_O)         0.026     0.884 r  clk_IBUF_BUFG_inst/O
                         net (fo=212, routed)         0.593     1.476    ldrs_inst/clk_IBUF_BUFG
    SLICE_X60Y97         FDRE                                         r  ldrs_inst/I2_reg/C
  -------------------------------------------------------------------    -------------------
    SLICE_X60Y97         FDRE (Prop_fdre_C_Q)         0.164     1.640 r  ldrs_inst/I2_reg/Q
                         net (fo=2, routed)           0.283     1.924    ldrs_inst/adc_inst/ADC_in_s_reg_1
    SLICE_X62Y99         LUT5 (Prop_lut5_I3_O)        0.043     1.967 r  ldrs_inst/adc_inst/ADC_in_s_i_1/O
                         net (fo=1, routed)           0.109     2.075    ldrs_inst/adc_inst/ADC_in_s
    SLICE_X64Y99         FDRE                                         r  ldrs_inst/adc_inst/ADC_in_s_reg/D
  -------------------------------------------------------------------    -------------------

Slack:                    inf
  Source:                 ldrs_inst/ADCclk_s_reg/C
                            (rising edge-triggered cell FDRE clocked by sys_clk_pin  {rise@0.000ns fall@5.000ns period=10.000ns})
  Destination:            ADCclk
                            (output port)
  Path Group:             (none)
  Path Type:              Min at Fast Process Corner
  Data Path Delay:        1.849ns  (logic 1.350ns (73.019%)  route 0.499ns (26.981%))
  Logic Levels:           1  (OBUF=1)
  Clock Uncertainty:      0.025ns  ((TSJ^2 + TIJ^2)^1/2 + DJ) / 2 + PE
    Total System Jitter     (TSJ):    0.050ns
    Total Input Jitter      (TIJ):    0.000ns
    Discrete Jitter          (DJ):    0.000ns
    Phase Error              (PE):    0.000ns

    Location             Delay type                Incr(ns)  Path(ns)    Netlist Resource(s)
  -------------------------------------------------------------------    -------------------
                         (clock sys_clk_pin rise edge)
                                                      0.000     0.000 r  
    W5                                                0.000     0.000 r  clk (IN)
                         net (fo=0)                   0.000     0.000    clk
    W5                   IBUF (Prop_ibuf_I_O)         0.226     0.226 r  clk_IBUF_inst/O
                         net (fo=1, routed)           0.631     0.858    clk_IBUF
    BUFGCTRL_X0Y0        BUFG (Prop_bufg_I_O)         0.026     0.884 r  clk_IBUF_BUFG_inst/O
                         net (fo=212, routed)         0.593     1.476    ldrs_inst/clk_IBUF_BUFG
    SLICE_X62Y93         FDRE                                         r  ldrs_inst/ADCclk_s_reg/C
  -------------------------------------------------------------------    -------------------
    SLICE_X62Y93         FDRE (Prop_fdre_C_Q)         0.141     1.617 r  ldrs_inst/ADCclk_s_reg/Q
                         net (fo=30, routed)          0.499     2.116    ADCclk_OBUF
    J2                   OBUF (Prop_obuf_I_O)         1.209     3.325 r  ADCclk_OBUF_inst/O
                         net (fo=0)                   0.000     3.325    ADCclk
    J2                                                                r  ADCclk (OUT)
  -------------------------------------------------------------------    -------------------

Slack:                    inf
  Source:                 ldrs_inst/display_select_reg[1]/C
                            (rising edge-triggered cell FDRE clocked by sys_clk_pin  {rise@0.000ns fall@5.000ns period=10.000ns})
  Destination:            seg[0]
                            (output port)
  Path Group:             (none)
  Path Type:              Min at Fast Process Corner
  Data Path Delay:        2.660ns  (logic 1.459ns (54.845%)  route 1.201ns (45.155%))
  Logic Levels:           2  (LUT6=1 OBUF=1)
  Clock Uncertainty:      0.025ns  ((TSJ^2 + TIJ^2)^1/2 + DJ) / 2 + PE
    Total System Jitter     (TSJ):    0.050ns
    Total Input Jitter      (TIJ):    0.000ns
    Discrete Jitter          (DJ):    0.000ns
    Phase Error              (PE):    0.000ns

    Location             Delay type                Incr(ns)  Path(ns)    Netlist Resource(s)
  -------------------------------------------------------------------    -------------------
                         (clock sys_clk_pin rise edge)
                                                      0.000     0.000 r  
    W5                                                0.000     0.000 r  clk (IN)
                         net (fo=0)                   0.000     0.000    clk
    W5                   IBUF (Prop_ibuf_I_O)         0.226     0.226 r  clk_IBUF_inst/O
                         net (fo=1, routed)           0.631     0.858    clk_IBUF
    BUFGCTRL_X0Y0        BUFG (Prop_bufg_I_O)         0.026     0.884 r  clk_IBUF_BUFG_inst/O
                         net (fo=212, routed)         0.592     1.475    ldrs_inst/clk_IBUF_BUFG
    SLICE_X60Y95         FDRE                                         r  ldrs_inst/display_select_reg[1]/C
  -------------------------------------------------------------------    -------------------
    SLICE_X60Y95         FDRE (Prop_fdre_C_Q)         0.148     1.623 r  ldrs_inst/display_select_reg[1]/Q
                         net (fo=5, routed)           0.115     1.739    ldrs_inst/display_select[1]
    SLICE_X59Y95         LUT6 (Prop_lut6_I4_O)        0.099     1.838 r  ldrs_inst/seg_OBUF[5]_inst_i_1/O
                         net (fo=4, routed)           1.086     2.923    seg_OBUF[0]
    W7                   OBUF (Prop_obuf_I_O)         1.212     4.135 r  seg_OBUF[0]_inst/O
                         net (fo=0)                   0.000     4.135    seg[0]
    W7                                                                r  seg[0] (OUT)
  -------------------------------------------------------------------    -------------------

Slack:                    inf
  Source:                 ldrs_inst/display_select_reg[1]/C
                            (rising edge-triggered cell FDRE clocked by sys_clk_pin  {rise@0.000ns fall@5.000ns period=10.000ns})
  Destination:            seg[3]
                            (output port)
  Path Group:             (none)
  Path Type:              Min at Fast Process Corner
  Data Path Delay:        2.810ns  (logic 1.483ns (52.797%)  route 1.326ns (47.203%))
  Logic Levels:           2  (LUT6=1 OBUF=1)
  Clock Uncertainty:      0.025ns  ((TSJ^2 + TIJ^2)^1/2 + DJ) / 2 + PE
    Total System Jitter     (TSJ):    0.050ns
    Total Input Jitter      (TIJ):    0.000ns
    Discrete Jitter          (DJ):    0.000ns
    Phase Error              (PE):    0.000ns

    Location             Delay type                Incr(ns)  Path(ns)    Netlist Resource(s)
  -------------------------------------------------------------------    -------------------
                         (clock sys_clk_pin rise edge)
                                                      0.000     0.000 r  
    W5                                                0.000     0.000 r  clk (IN)
                         net (fo=0)                   0.000     0.000    clk
    W5                   IBUF (Prop_ibuf_I_O)         0.226     0.226 r  clk_IBUF_inst/O
                         net (fo=1, routed)           0.631     0.858    clk_IBUF
    BUFGCTRL_X0Y0        BUFG (Prop_bufg_I_O)         0.026     0.884 r  clk_IBUF_BUFG_inst/O
                         net (fo=212, routed)         0.592     1.475    ldrs_inst/clk_IBUF_BUFG
    SLICE_X60Y95         FDRE                                         r  ldrs_inst/display_select_reg[1]/C
  -------------------------------------------------------------------    -------------------
    SLICE_X60Y95         FDRE (Prop_fdre_C_Q)         0.148     1.623 r  ldrs_inst/display_select_reg[1]/Q
                         net (fo=5, routed)           0.115     1.739    ldrs_inst/display_select[1]
    SLICE_X59Y95         LUT6 (Prop_lut6_I4_O)        0.099     1.838 r  ldrs_inst/seg_OBUF[5]_inst_i_1/O
                         net (fo=4, routed)           1.211     3.048    seg_OBUF[0]
    V8                   OBUF (Prop_obuf_I_O)         1.236     4.285 r  seg_OBUF[3]_inst/O
                         net (fo=0)                   0.000     4.285    seg[3]
    V8                                                                r  seg[3] (OUT)
  -------------------------------------------------------------------    -------------------

Slack:                    inf
  Source:                 ldrs_inst/display_select_reg[0]/C
                            (rising edge-triggered cell FDRE clocked by sys_clk_pin  {rise@0.000ns fall@5.000ns period=10.000ns})
  Destination:            an[1]
                            (output port)
  Path Group:             (none)
  Path Type:              Min at Fast Process Corner
  Data Path Delay:        2.852ns  (logic 1.446ns (50.717%)  route 1.405ns (49.283%))
  Logic Levels:           2  (LUT2=1 OBUF=1)
  Clock Uncertainty:      0.025ns  ((TSJ^2 + TIJ^2)^1/2 + DJ) / 2 + PE
    Total System Jitter     (TSJ):    0.050ns
    Total Input Jitter      (TIJ):    0.000ns
    Discrete Jitter          (DJ):    0.000ns
    Phase Error              (PE):    0.000ns

    Location             Delay type                Incr(ns)  Path(ns)    Netlist Resource(s)
  -------------------------------------------------------------------    -------------------
                         (clock sys_clk_pin rise edge)
                                                      0.000     0.000 r  
    W5                                                0.000     0.000 r  clk (IN)
                         net (fo=0)                   0.000     0.000    clk
    W5                   IBUF (Prop_ibuf_I_O)         0.226     0.226 r  clk_IBUF_inst/O
                         net (fo=1, routed)           0.631     0.858    clk_IBUF
    BUFGCTRL_X0Y0        BUFG (Prop_bufg_I_O)         0.026     0.884 r  clk_IBUF_BUFG_inst/O
                         net (fo=212, routed)         0.592     1.475    ldrs_inst/clk_IBUF_BUFG
    SLICE_X60Y95         FDRE                                         r  ldrs_inst/display_select_reg[0]/C
  -------------------------------------------------------------------    -------------------
    SLICE_X60Y95         FDRE (Prop_fdre_C_Q)         0.148     1.623 f  ldrs_inst/display_select_reg[0]/Q
                         net (fo=5, routed)           0.375     1.999    ldrs_inst/display_select[0]
    SLICE_X62Y92         LUT2 (Prop_lut2_I1_O)        0.098     2.097 r  ldrs_inst/an_OBUF[1]_inst_i_1/O
                         net (fo=1, routed)           1.030     3.127    an_OBUF[1]
    U4                   OBUF (Prop_obuf_I_O)         1.200     4.327 r  an_OBUF[1]_inst/O
                         net (fo=0)                   0.000     4.327    an[1]
    U4                                                                r  an[1] (OUT)
  -------------------------------------------------------------------    -------------------

Slack:                    inf
  Source:                 ldrs_inst/display_select_reg[1]/C
                            (rising edge-triggered cell FDRE clocked by sys_clk_pin  {rise@0.000ns fall@5.000ns period=10.000ns})
  Destination:            seg[4]
                            (output port)
  Path Group:             (none)
  Path Type:              Min at Fast Process Corner
  Data Path Delay:        2.917ns  (logic 1.468ns (50.316%)  route 1.449ns (49.684%))
  Logic Levels:           2  (LUT6=1 OBUF=1)
  Clock Uncertainty:      0.025ns  ((TSJ^2 + TIJ^2)^1/2 + DJ) / 2 + PE
    Total System Jitter     (TSJ):    0.050ns
    Total Input Jitter      (TIJ):    0.000ns
    Discrete Jitter          (DJ):    0.000ns
    Phase Error              (PE):    0.000ns

    Location             Delay type                Incr(ns)  Path(ns)    Netlist Resource(s)
  -------------------------------------------------------------------    -------------------
                         (clock sys_clk_pin rise edge)
                                                      0.000     0.000 r  
    W5                                                0.000     0.000 r  clk (IN)
                         net (fo=0)                   0.000     0.000    clk
    W5                   IBUF (Prop_ibuf_I_O)         0.226     0.226 r  clk_IBUF_inst/O
                         net (fo=1, routed)           0.631     0.858    clk_IBUF
    BUFGCTRL_X0Y0        BUFG (Prop_bufg_I_O)         0.026     0.884 r  clk_IBUF_BUFG_inst/O
                         net (fo=212, routed)         0.592     1.475    ldrs_inst/clk_IBUF_BUFG
    SLICE_X60Y95         FDRE                                         r  ldrs_inst/display_select_reg[1]/C
  -------------------------------------------------------------------    -------------------
    SLICE_X60Y95         FDRE (Prop_fdre_C_Q)         0.148     1.623 r  ldrs_inst/display_select_reg[1]/Q
                         net (fo=5, routed)           0.115     1.739    ldrs_inst/display_select[1]
    SLICE_X59Y95         LUT6 (Prop_lut6_I4_O)        0.099     1.838 r  ldrs_inst/seg_OBUF[5]_inst_i_1/O
                         net (fo=4, routed)           1.334     3.172    seg_OBUF[0]
    U5                   OBUF (Prop_obuf_I_O)         1.221     4.393 r  seg_OBUF[4]_inst/O
                         net (fo=0)                   0.000     4.393    seg[4]
    U5                                                                r  seg[4] (OUT)
  -------------------------------------------------------------------    -------------------

Slack:                    inf
  Source:                 ldrs_inst/display_select_reg[1]/C
                            (rising edge-triggered cell FDRE clocked by sys_clk_pin  {rise@0.000ns fall@5.000ns period=10.000ns})
  Destination:            seg[5]
                            (output port)
  Path Group:             (none)
  Path Type:              Min at Fast Process Corner
  Data Path Delay:        2.955ns  (logic 1.453ns (49.155%)  route 1.503ns (50.845%))
  Logic Levels:           2  (LUT6=1 OBUF=1)
  Clock Uncertainty:      0.025ns  ((TSJ^2 + TIJ^2)^1/2 + DJ) / 2 + PE
    Total System Jitter     (TSJ):    0.050ns
    Total Input Jitter      (TIJ):    0.000ns
    Discrete Jitter          (DJ):    0.000ns
    Phase Error              (PE):    0.000ns

    Location             Delay type                Incr(ns)  Path(ns)    Netlist Resource(s)
  -------------------------------------------------------------------    -------------------
                         (clock sys_clk_pin rise edge)
                                                      0.000     0.000 r  
    W5                                                0.000     0.000 r  clk (IN)
                         net (fo=0)                   0.000     0.000    clk
    W5                   IBUF (Prop_ibuf_I_O)         0.226     0.226 r  clk_IBUF_inst/O
                         net (fo=1, routed)           0.631     0.858    clk_IBUF
    BUFGCTRL_X0Y0        BUFG (Prop_bufg_I_O)         0.026     0.884 r  clk_IBUF_BUFG_inst/O
                         net (fo=212, routed)         0.592     1.475    ldrs_inst/clk_IBUF_BUFG
    SLICE_X60Y95         FDRE                                         r  ldrs_inst/display_select_reg[1]/C
  -------------------------------------------------------------------    -------------------
    SLICE_X60Y95         FDRE (Prop_fdre_C_Q)         0.148     1.623 r  ldrs_inst/display_select_reg[1]/Q
                         net (fo=5, routed)           0.115     1.739    ldrs_inst/display_select[1]
    SLICE_X59Y95         LUT6 (Prop_lut6_I4_O)        0.099     1.838 r  ldrs_inst/seg_OBUF[5]_inst_i_1/O
                         net (fo=4, routed)           1.387     3.225    seg_OBUF[0]
    V5                   OBUF (Prop_obuf_I_O)         1.206     4.430 r  seg_OBUF[5]_inst/O
                         net (fo=0)                   0.000     4.430    seg[5]
    V5                                                                r  seg[5] (OUT)
  -------------------------------------------------------------------    -------------------

Slack:                    inf
  Source:                 ldrs_inst/display_select_reg[0]/C
                            (rising edge-triggered cell FDRE clocked by sys_clk_pin  {rise@0.000ns fall@5.000ns period=10.000ns})
  Destination:            an[2]
                            (output port)
  Path Group:             (none)
  Path Type:              Min at Fast Process Corner
  Data Path Delay:        3.071ns  (logic 1.470ns (47.873%)  route 1.601ns (52.127%))
  Logic Levels:           2  (LUT2=1 OBUF=1)
  Clock Uncertainty:      0.025ns  ((TSJ^2 + TIJ^2)^1/2 + DJ) / 2 + PE
    Total System Jitter     (TSJ):    0.050ns
    Total Input Jitter      (TIJ):    0.000ns
    Discrete Jitter          (DJ):    0.000ns
    Phase Error              (PE):    0.000ns

    Location             Delay type                Incr(ns)  Path(ns)    Netlist Resource(s)
  -------------------------------------------------------------------    -------------------
                         (clock sys_clk_pin rise edge)
                                                      0.000     0.000 r  
    W5                                                0.000     0.000 r  clk (IN)
                         net (fo=0)                   0.000     0.000    clk
    W5                   IBUF (Prop_ibuf_I_O)         0.226     0.226 r  clk_IBUF_inst/O
                         net (fo=1, routed)           0.631     0.858    clk_IBUF
    BUFGCTRL_X0Y0        BUFG (Prop_bufg_I_O)         0.026     0.884 r  clk_IBUF_BUFG_inst/O
                         net (fo=212, routed)         0.592     1.475    ldrs_inst/clk_IBUF_BUFG
    SLICE_X60Y95         FDRE                                         r  ldrs_inst/display_select_reg[0]/C
  -------------------------------------------------------------------    -------------------
    SLICE_X60Y95         FDRE (Prop_fdre_C_Q)         0.148     1.623 r  ldrs_inst/display_select_reg[0]/Q
                         net (fo=5, routed)           0.364     1.988    ldrs_inst/display_select[0]
    SLICE_X62Y92         LUT2 (Prop_lut2_I0_O)        0.098     2.086 r  ldrs_inst/an_OBUF[2]_inst_i_1/O
                         net (fo=1, routed)           1.236     3.322    an_OBUF[2]
    V4                   OBUF (Prop_obuf_I_O)         1.224     4.546 r  an_OBUF[2]_inst/O
                         net (fo=0)                   0.000     4.546    an[2]
    V4                                                                r  an[2] (OUT)
  -------------------------------------------------------------------    -------------------

Slack:                    inf
  Source:                 ldrs_inst/display_select_reg[0]/C
                            (rising edge-triggered cell FDRE clocked by sys_clk_pin  {rise@0.000ns fall@5.000ns period=10.000ns})
  Destination:            an[0]
                            (output port)
  Path Group:             (none)
  Path Type:              Min at Fast Process Corner
  Data Path Delay:        3.164ns  (logic 1.509ns (47.698%)  route 1.655ns (52.302%))
  Logic Levels:           2  (LUT2=1 OBUF=1)
  Clock Uncertainty:      0.025ns  ((TSJ^2 + TIJ^2)^1/2 + DJ) / 2 + PE
    Total System Jitter     (TSJ):    0.050ns
    Total Input Jitter      (TIJ):    0.000ns
    Discrete Jitter          (DJ):    0.000ns
    Phase Error              (PE):    0.000ns

    Location             Delay type                Incr(ns)  Path(ns)    Netlist Resource(s)
  -------------------------------------------------------------------    -------------------
                         (clock sys_clk_pin rise edge)
                                                      0.000     0.000 r  
    W5                                                0.000     0.000 r  clk (IN)
                         net (fo=0)                   0.000     0.000    clk
    W5                   IBUF (Prop_ibuf_I_O)         0.226     0.226 r  clk_IBUF_inst/O
                         net (fo=1, routed)           0.631     0.858    clk_IBUF
    BUFGCTRL_X0Y0        BUFG (Prop_bufg_I_O)         0.026     0.884 r  clk_IBUF_BUFG_inst/O
                         net (fo=212, routed)         0.592     1.475    ldrs_inst/clk_IBUF_BUFG
    SLICE_X60Y95         FDRE                                         r  ldrs_inst/display_select_reg[0]/C
  -------------------------------------------------------------------    -------------------
    SLICE_X60Y95         FDRE (Prop_fdre_C_Q)         0.148     1.623 r  ldrs_inst/display_select_reg[0]/Q
                         net (fo=5, routed)           0.375     1.999    ldrs_inst/display_select[0]
    SLICE_X62Y92         LUT2 (Prop_lut2_I1_O)        0.095     2.094 r  ldrs_inst/an_OBUF[0]_inst_i_1/O
                         net (fo=1, routed)           1.279     3.373    an_OBUF[0]
    U2                   OBUF (Prop_obuf_I_O)         1.266     4.639 r  an_OBUF[0]_inst/O
                         net (fo=0)                   0.000     4.639    an[0]
    U2                                                                r  an[0] (OUT)
  -------------------------------------------------------------------    -------------------

Slack:                    inf
  Source:                 motores_inst/motor1_controller/counter_reg[18]/C
                            (rising edge-triggered cell FDCE clocked by sys_clk_pin  {rise@0.000ns fall@5.000ns period=10.000ns})
  Destination:            pwm1
                            (output port)
  Path Group:             (none)
  Path Type:              Min at Fast Process Corner
  Data Path Delay:        3.284ns  (logic 1.596ns (48.590%)  route 1.688ns (51.410%))
  Logic Levels:           3  (CARRY4=1 LUT2=1 OBUF=1)
  Clock Uncertainty:      0.025ns  ((TSJ^2 + TIJ^2)^1/2 + DJ) / 2 + PE
    Total System Jitter     (TSJ):    0.050ns
    Total Input Jitter      (TIJ):    0.000ns
    Discrete Jitter          (DJ):    0.000ns
    Phase Error              (PE):    0.000ns

    Location             Delay type                Incr(ns)  Path(ns)    Netlist Resource(s)
  -------------------------------------------------------------------    -------------------
                         (clock sys_clk_pin rise edge)
                                                      0.000     0.000 r  
    W5                                                0.000     0.000 r  clk (IN)
                         net (fo=0)                   0.000     0.000    clk
    W5                   IBUF (Prop_ibuf_I_O)         0.226     0.226 r  clk_IBUF_inst/O
                         net (fo=1, routed)           0.631     0.858    clk_IBUF
    BUFGCTRL_X0Y0        BUFG (Prop_bufg_I_O)         0.026     0.884 r  clk_IBUF_BUFG_inst/O
                         net (fo=212, routed)         0.564     1.447    motores_inst/motor1_controller/CLK
    SLICE_X55Y94         FDCE                                         r  motores_inst/motor1_controller/counter_reg[18]/C
  -------------------------------------------------------------------    -------------------
    SLICE_X55Y94         FDCE (Prop_fdce_C_Q)         0.141     1.588 f  motores_inst/motor1_controller/counter_reg[18]/Q
                         net (fo=3, routed)           0.125     1.713    motores_inst/motor1_controller/counter_reg_n_0_[18]
    SLICE_X55Y93         LUT2 (Prop_lut2_I1_O)        0.045     1.758 r  motores_inst/motor1_controller/pwm0_carry__1_i_2__0/O
                         net (fo=1, routed)           0.000     1.758    motores_inst/motor1_controller/pwm0_carry__1_i_2__0_n_0
    SLICE_X55Y93         CARRY4 (Prop_carry4_S[0]_CO[1])
                                                      0.128     1.886 r  motores_inst/motor1_controller/pwm0_carry__1/CO[1]
                         net (fo=1, routed)           1.563     3.450    pwm1_OBUF
    A16                  OBUF (Prop_obuf_I_O)         1.282     4.731 r  pwm1_OBUF_inst/O
                         net (fo=0)                   0.000     4.731    pwm1
    A16                                                               r  pwm1 (OUT)
  -------------------------------------------------------------------    -------------------





--------------------------------------------------------------------------------------
Path Group:  (none)
From Clock:  
  To Clock:  sys_clk_pin

Max Delay           259 Endpoints
Min Delay           259 Endpoints
--------------------------------------------------------------------------------------


Max Delay Paths
--------------------------------------------------------------------------------------
Slack:                    inf
  Source:                 sw_angle1
                            (input port)
  Destination:            motores_inst/motor1_controller/pulse_length_reg[15]/D
                            (rising edge-triggered cell FDCE clocked by sys_clk_pin  {rise@0.000ns fall@5.000ns period=10.000ns})
  Path Group:             (none)
  Path Type:              Setup (Max at Slow Process Corner)
  Data Path Delay:        8.593ns  (logic 2.732ns (31.793%)  route 5.861ns (68.207%))
  Logic Levels:           6  (CARRY4=4 IBUF=1 LUT4=1)
  Clock Path Skew:        4.784ns (DCD - SCD + CPR)
    Destination Clock Delay (DCD):    4.784ns
    Source Clock Delay      (SCD):    0.000ns
    Clock Pessimism Removal (CPR):    0.000ns
  Clock Uncertainty:      0.025ns  ((TSJ^2 + TIJ^2)^1/2 + DJ) / 2 + PE
    Total System Jitter     (TSJ):    0.050ns
    Total Input Jitter      (TIJ):    0.000ns
    Discrete Jitter          (DJ):    0.000ns
    Phase Error              (PE):    0.000ns

    Location             Delay type                Incr(ns)  Path(ns)    Netlist Resource(s)
  -------------------------------------------------------------------    -------------------
    V15                                               0.000     0.000 f  sw_angle1 (IN)
                         net (fo=0)                   0.000     0.000    sw_angle1
    V15                  IBUF (Prop_ibuf_I_O)         1.466     1.466 f  sw_angle1_IBUF_inst/O
                         net (fo=33, routed)          5.317     6.783    ldrs_inst/sw_angle1_IBUF
    SLICE_X57Y89         LUT4 (Prop_lut4_I2_O)        0.124     6.907 r  ldrs_inst/pulse_length[2]_i_4__0/O
                         net (fo=1, routed)           0.544     7.451    motores_inst/motor1_controller/pulse_length_reg[5]_0
    SLICE_X57Y90         CARRY4 (Prop_carry4_CYINIT_CO[3])
                                                      0.580     8.031 r  motores_inst/motor1_controller/pulse_length_reg[2]_i_2__0/CO[3]
                         net (fo=1, routed)           0.000     8.031    motores_inst/motor1_controller/pulse_length_reg[2]_i_2__0_n_0
    SLICE_X57Y91         CARRY4 (Prop_carry4_CI_CO[3])
                                                      0.114     8.145 r  motores_inst/motor1_controller/pulse_length_reg[6]_i_1__0/CO[3]
                         net (fo=1, routed)           0.000     8.145    motores_inst/motor1_controller/pulse_length_reg[6]_i_1__0_n_0
    SLICE_X57Y92         CARRY4 (Prop_carry4_CI_CO[3])
                                                      0.114     8.259 r  motores_inst/motor1_controller/pulse_length_reg[10]_i_1__0/CO[3]
                         net (fo=1, routed)           0.000     8.259    motores_inst/motor1_controller/pulse_length_reg[10]_i_1__0_n_0
    SLICE_X57Y93         CARRY4 (Prop_carry4_CI_O[1])
                                                      0.334     8.593 r  motores_inst/motor1_controller/pulse_length_reg[14]_i_1__0/O[1]
                         net (fo=1, routed)           0.000     8.593    motores_inst/motor1_controller/pulse_length_reg[14]_i_1__0_n_6
    SLICE_X57Y93         FDCE                                         r  motores_inst/motor1_controller/pulse_length_reg[15]/D
  -------------------------------------------------------------------    -------------------

                         (clock sys_clk_pin rise edge)
                                                      0.000     0.000 r  
    W5                                                0.000     0.000 r  clk (IN)
                         net (fo=0)                   0.000     0.000    clk
    W5                   IBUF (Prop_ibuf_I_O)         1.388     1.388 r  clk_IBUF_inst/O
                         net (fo=1, routed)           1.862     3.250    clk_IBUF
    BUFGCTRL_X0Y0        BUFG (Prop_bufg_I_O)         0.091     3.341 r  clk_IBUF_BUFG_inst/O
                         net (fo=212, routed)         1.443     4.784    motores_inst/motor1_controller/CLK
    SLICE_X57Y93         FDCE                                         r  motores_inst/motor1_controller/pulse_length_reg[15]/C

Slack:                    inf
  Source:                 sw_angle1
                            (input port)
  Destination:            motores_inst/motor1_controller/pulse_length_reg[17]/D
                            (rising edge-triggered cell FDPE clocked by sys_clk_pin  {rise@0.000ns fall@5.000ns period=10.000ns})
  Path Group:             (none)
  Path Type:              Setup (Max at Slow Process Corner)
  Data Path Delay:        8.572ns  (logic 2.711ns (31.626%)  route 5.861ns (68.374%))
  Logic Levels:           6  (CARRY4=4 IBUF=1 LUT4=1)
  Clock Path Skew:        4.784ns (DCD - SCD + CPR)
    Destination Clock Delay (DCD):    4.784ns
    Source Clock Delay      (SCD):    0.000ns
    Clock Pessimism Removal (CPR):    0.000ns
  Clock Uncertainty:      0.025ns  ((TSJ^2 + TIJ^2)^1/2 + DJ) / 2 + PE
    Total System Jitter     (TSJ):    0.050ns
    Total Input Jitter      (TIJ):    0.000ns
    Discrete Jitter          (DJ):    0.000ns
    Phase Error              (PE):    0.000ns

    Location             Delay type                Incr(ns)  Path(ns)    Netlist Resource(s)
  -------------------------------------------------------------------    -------------------
    V15                                               0.000     0.000 f  sw_angle1 (IN)
                         net (fo=0)                   0.000     0.000    sw_angle1
    V15                  IBUF (Prop_ibuf_I_O)         1.466     1.466 f  sw_angle1_IBUF_inst/O
                         net (fo=33, routed)          5.317     6.783    ldrs_inst/sw_angle1_IBUF
    SLICE_X57Y89         LUT4 (Prop_lut4_I2_O)        0.124     6.907 r  ldrs_inst/pulse_length[2]_i_4__0/O
                         net (fo=1, routed)           0.544     7.451    motores_inst/motor1_controller/pulse_length_reg[5]_0
    SLICE_X57Y90         CARRY4 (Prop_carry4_CYINIT_CO[3])
                                                      0.580     8.031 r  motores_inst/motor1_controller/pulse_length_reg[2]_i_2__0/CO[3]
                         net (fo=1, routed)           0.000     8.031    motores_inst/motor1_controller/pulse_length_reg[2]_i_2__0_n_0
    SLICE_X57Y91         CARRY4 (Prop_carry4_CI_CO[3])
                                                      0.114     8.145 r  motores_inst/motor1_controller/pulse_length_reg[6]_i_1__0/CO[3]
                         net (fo=1, routed)           0.000     8.145    motores_inst/motor1_controller/pulse_length_reg[6]_i_1__0_n_0
    SLICE_X57Y92         CARRY4 (Prop_carry4_CI_CO[3])
                                                      0.114     8.259 r  motores_inst/motor1_controller/pulse_length_reg[10]_i_1__0/CO[3]
                         net (fo=1, routed)           0.000     8.259    motores_inst/motor1_controller/pulse_length_reg[10]_i_1__0_n_0
    SLICE_X57Y93         CARRY4 (Prop_carry4_CI_O[3])
                                                      0.313     8.572 r  motores_inst/motor1_controller/pulse_length_reg[14]_i_1__0/O[3]
                         net (fo=1, routed)           0.000     8.572    motores_inst/motor1_controller/pulse_length_reg[14]_i_1__0_n_4
    SLICE_X57Y93         FDPE                                         r  motores_inst/motor1_controller/pulse_length_reg[17]/D
  -------------------------------------------------------------------    -------------------

                         (clock sys_clk_pin rise edge)
                                                      0.000     0.000 r  
    W5                                                0.000     0.000 r  clk (IN)
                         net (fo=0)                   0.000     0.000    clk
    W5                   IBUF (Prop_ibuf_I_O)         1.388     1.388 r  clk_IBUF_inst/O
                         net (fo=1, routed)           1.862     3.250    clk_IBUF
    BUFGCTRL_X0Y0        BUFG (Prop_bufg_I_O)         0.091     3.341 r  clk_IBUF_BUFG_inst/O
                         net (fo=212, routed)         1.443     4.784    motores_inst/motor1_controller/CLK
    SLICE_X57Y93         FDPE                                         r  motores_inst/motor1_controller/pulse_length_reg[17]/C

Slack:                    inf
  Source:                 enable
                            (input port)
  Destination:            motores_inst/motor_controller/pulse_length_reg[15]/D
                            (rising edge-triggered cell FDCE clocked by sys_clk_pin  {rise@0.000ns fall@5.000ns period=10.000ns})
  Path Group:             (none)
  Path Type:              Setup (Max at Slow Process Corner)
  Data Path Delay:        8.517ns  (logic 2.689ns (31.571%)  route 5.828ns (68.429%))
  Logic Levels:           6  (CARRY4=4 IBUF=1 LUT5=1)
  Clock Path Skew:        4.848ns (DCD - SCD + CPR)
    Destination Clock Delay (DCD):    4.848ns
    Source Clock Delay      (SCD):    0.000ns
    Clock Pessimism Removal (CPR):    0.000ns
  Clock Uncertainty:      0.025ns  ((TSJ^2 + TIJ^2)^1/2 + DJ) / 2 + PE
    Total System Jitter     (TSJ):    0.050ns
    Total Input Jitter      (TIJ):    0.000ns
    Discrete Jitter          (DJ):    0.000ns
    Phase Error              (PE):    0.000ns

    Location             Delay type                Incr(ns)  Path(ns)    Netlist Resource(s)
  -------------------------------------------------------------------    -------------------
    V17                                               0.000     0.000 r  enable (IN)
                         net (fo=0)                   0.000     0.000    enable
    V17                  IBUF (Prop_ibuf_I_O)         1.453     1.453 r  enable_IBUF_inst/O
                         net (fo=68, routed)          5.828     7.281    motores_inst/motor_controller/enable_IBUF
    SLICE_X59Y88         LUT5 (Prop_lut5_I1_O)        0.124     7.405 r  motores_inst/motor_controller/pulse_length[2]_i_11/O
                         net (fo=1, routed)           0.000     7.405    motores_inst/motor_controller/pulse_length[2]_i_11_n_0
    SLICE_X59Y88         CARRY4 (Prop_carry4_S[1]_CO[3])
                                                      0.550     7.955 r  motores_inst/motor_controller/pulse_length_reg[2]_i_2/CO[3]
                         net (fo=1, routed)           0.000     7.955    motores_inst/motor_controller/pulse_length_reg[2]_i_2_n_0
    SLICE_X59Y89         CARRY4 (Prop_carry4_CI_CO[3])
                                                      0.114     8.069 r  motores_inst/motor_controller/pulse_length_reg[6]_i_1/CO[3]
                         net (fo=1, routed)           0.000     8.069    motores_inst/motor_controller/pulse_length_reg[6]_i_1_n_0
    SLICE_X59Y90         CARRY4 (Prop_carry4_CI_CO[3])
                                                      0.114     8.183 r  motores_inst/motor_controller/pulse_length_reg[10]_i_1/CO[3]
                         net (fo=1, routed)           0.000     8.183    motores_inst/motor_controller/pulse_length_reg[10]_i_1_n_0
    SLICE_X59Y91         CARRY4 (Prop_carry4_CI_O[1])
                                                      0.334     8.517 r  motores_inst/motor_controller/pulse_length_reg[14]_i_1/O[1]
                         net (fo=1, routed)           0.000     8.517    motores_inst/motor_controller/pulse_length_reg[14]_i_1_n_6
    SLICE_X59Y91         FDCE                                         r  motores_inst/motor_controller/pulse_length_reg[15]/D
  -------------------------------------------------------------------    -------------------

                         (clock sys_clk_pin rise edge)
                                                      0.000     0.000 r  
    W5                                                0.000     0.000 r  clk (IN)
                         net (fo=0)                   0.000     0.000    clk
    W5                   IBUF (Prop_ibuf_I_O)         1.388     1.388 r  clk_IBUF_inst/O
                         net (fo=1, routed)           1.862     3.250    clk_IBUF
    BUFGCTRL_X0Y0        BUFG (Prop_bufg_I_O)         0.091     3.341 r  clk_IBUF_BUFG_inst/O
                         net (fo=212, routed)         1.507     4.848    motores_inst/motor_controller/CLK
    SLICE_X59Y91         FDCE                                         r  motores_inst/motor_controller/pulse_length_reg[15]/C

Slack:                    inf
  Source:                 sw_angle1
                            (input port)
  Destination:            motores_inst/motor1_controller/pulse_length_reg[16]/D
                            (rising edge-triggered cell FDCE clocked by sys_clk_pin  {rise@0.000ns fall@5.000ns period=10.000ns})
  Path Group:             (none)
  Path Type:              Setup (Max at Slow Process Corner)
  Data Path Delay:        8.498ns  (logic 2.637ns (31.031%)  route 5.861ns (68.969%))
  Logic Levels:           6  (CARRY4=4 IBUF=1 LUT4=1)
  Clock Path Skew:        4.784ns (DCD - SCD + CPR)
    Destination Clock Delay (DCD):    4.784ns
    Source Clock Delay      (SCD):    0.000ns
    Clock Pessimism Removal (CPR):    0.000ns
  Clock Uncertainty:      0.025ns  ((TSJ^2 + TIJ^2)^1/2 + DJ) / 2 + PE
    Total System Jitter     (TSJ):    0.050ns
    Total Input Jitter      (TIJ):    0.000ns
    Discrete Jitter          (DJ):    0.000ns
    Phase Error              (PE):    0.000ns

    Location             Delay type                Incr(ns)  Path(ns)    Netlist Resource(s)
  -------------------------------------------------------------------    -------------------
    V15                                               0.000     0.000 f  sw_angle1 (IN)
                         net (fo=0)                   0.000     0.000    sw_angle1
    V15                  IBUF (Prop_ibuf_I_O)         1.466     1.466 f  sw_angle1_IBUF_inst/O
                         net (fo=33, routed)          5.317     6.783    ldrs_inst/sw_angle1_IBUF
    SLICE_X57Y89         LUT4 (Prop_lut4_I2_O)        0.124     6.907 r  ldrs_inst/pulse_length[2]_i_4__0/O
                         net (fo=1, routed)           0.544     7.451    motores_inst/motor1_controller/pulse_length_reg[5]_0
    SLICE_X57Y90         CARRY4 (Prop_carry4_CYINIT_CO[3])
                                                      0.580     8.031 r  motores_inst/motor1_controller/pulse_length_reg[2]_i_2__0/CO[3]
                         net (fo=1, routed)           0.000     8.031    motores_inst/motor1_controller/pulse_length_reg[2]_i_2__0_n_0
    SLICE_X57Y91         CARRY4 (Prop_carry4_CI_CO[3])
                                                      0.114     8.145 r  motores_inst/motor1_controller/pulse_length_reg[6]_i_1__0/CO[3]
                         net (fo=1, routed)           0.000     8.145    motores_inst/motor1_controller/pulse_length_reg[6]_i_1__0_n_0
    SLICE_X57Y92         CARRY4 (Prop_carry4_CI_CO[3])
                                                      0.114     8.259 r  motores_inst/motor1_controller/pulse_length_reg[10]_i_1__0/CO[3]
                         net (fo=1, routed)           0.000     8.259    motores_inst/motor1_controller/pulse_length_reg[10]_i_1__0_n_0
    SLICE_X57Y93         CARRY4 (Prop_carry4_CI_O[2])
                                                      0.239     8.498 r  motores_inst/motor1_controller/pulse_length_reg[14]_i_1__0/O[2]
                         net (fo=1, routed)           0.000     8.498    motores_inst/motor1_controller/pulse_length_reg[14]_i_1__0_n_5
    SLICE_X57Y93         FDCE                                         r  motores_inst/motor1_controller/pulse_length_reg[16]/D
  -------------------------------------------------------------------    -------------------

                         (clock sys_clk_pin rise edge)
                                                      0.000     0.000 r  
    W5                                                0.000     0.000 r  clk (IN)
                         net (fo=0)                   0.000     0.000    clk
    W5                   IBUF (Prop_ibuf_I_O)         1.388     1.388 r  clk_IBUF_inst/O
                         net (fo=1, routed)           1.862     3.250    clk_IBUF
    BUFGCTRL_X0Y0        BUFG (Prop_bufg_I_O)         0.091     3.341 r  clk_IBUF_BUFG_inst/O
                         net (fo=212, routed)         1.443     4.784    motores_inst/motor1_controller/CLK
    SLICE_X57Y93         FDCE                                         r  motores_inst/motor1_controller/pulse_length_reg[16]/C

Slack:                    inf
  Source:                 enable
                            (input port)
  Destination:            motores_inst/motor_controller/pulse_length_reg[17]/D
                            (rising edge-triggered cell FDPE clocked by sys_clk_pin  {rise@0.000ns fall@5.000ns period=10.000ns})
  Path Group:             (none)
  Path Type:              Setup (Max at Slow Process Corner)
  Data Path Delay:        8.496ns  (logic 2.668ns (31.401%)  route 5.828ns (68.599%))
  Logic Levels:           6  (CARRY4=4 IBUF=1 LUT5=1)
  Clock Path Skew:        4.848ns (DCD - SCD + CPR)
    Destination Clock Delay (DCD):    4.848ns
    Source Clock Delay      (SCD):    0.000ns
    Clock Pessimism Removal (CPR):    0.000ns
  Clock Uncertainty:      0.025ns  ((TSJ^2 + TIJ^2)^1/2 + DJ) / 2 + PE
    Total System Jitter     (TSJ):    0.050ns
    Total Input Jitter      (TIJ):    0.000ns
    Discrete Jitter          (DJ):    0.000ns
    Phase Error              (PE):    0.000ns

    Location             Delay type                Incr(ns)  Path(ns)    Netlist Resource(s)
  -------------------------------------------------------------------    -------------------
    V17                                               0.000     0.000 r  enable (IN)
                         net (fo=0)                   0.000     0.000    enable
    V17                  IBUF (Prop_ibuf_I_O)         1.453     1.453 r  enable_IBUF_inst/O
                         net (fo=68, routed)          5.828     7.281    motores_inst/motor_controller/enable_IBUF
    SLICE_X59Y88         LUT5 (Prop_lut5_I1_O)        0.124     7.405 r  motores_inst/motor_controller/pulse_length[2]_i_11/O
                         net (fo=1, routed)           0.000     7.405    motores_inst/motor_controller/pulse_length[2]_i_11_n_0
    SLICE_X59Y88         CARRY4 (Prop_carry4_S[1]_CO[3])
                                                      0.550     7.955 r  motores_inst/motor_controller/pulse_length_reg[2]_i_2/CO[3]
                         net (fo=1, routed)           0.000     7.955    motores_inst/motor_controller/pulse_length_reg[2]_i_2_n_0
    SLICE_X59Y89         CARRY4 (Prop_carry4_CI_CO[3])
                                                      0.114     8.069 r  motores_inst/motor_controller/pulse_length_reg[6]_i_1/CO[3]
                         net (fo=1, routed)           0.000     8.069    motores_inst/motor_controller/pulse_length_reg[6]_i_1_n_0
    SLICE_X59Y90         CARRY4 (Prop_carry4_CI_CO[3])
                                                      0.114     8.183 r  motores_inst/motor_controller/pulse_length_reg[10]_i_1/CO[3]
                         net (fo=1, routed)           0.000     8.183    motores_inst/motor_controller/pulse_length_reg[10]_i_1_n_0
    SLICE_X59Y91         CARRY4 (Prop_carry4_CI_O[3])
                                                      0.313     8.496 r  motores_inst/motor_controller/pulse_length_reg[14]_i_1/O[3]
                         net (fo=1, routed)           0.000     8.496    motores_inst/motor_controller/pulse_length_reg[14]_i_1_n_4
    SLICE_X59Y91         FDPE                                         r  motores_inst/motor_controller/pulse_length_reg[17]/D
  -------------------------------------------------------------------    -------------------

                         (clock sys_clk_pin rise edge)
                                                      0.000     0.000 r  
    W5                                                0.000     0.000 r  clk (IN)
                         net (fo=0)                   0.000     0.000    clk
    W5                   IBUF (Prop_ibuf_I_O)         1.388     1.388 r  clk_IBUF_inst/O
                         net (fo=1, routed)           1.862     3.250    clk_IBUF
    BUFGCTRL_X0Y0        BUFG (Prop_bufg_I_O)         0.091     3.341 r  clk_IBUF_BUFG_inst/O
                         net (fo=212, routed)         1.507     4.848    motores_inst/motor_controller/CLK
    SLICE_X59Y91         FDPE                                         r  motores_inst/motor_controller/pulse_length_reg[17]/C

Slack:                    inf
  Source:                 sw_angle1
                            (input port)
  Destination:            motores_inst/motor1_controller/pulse_length_reg[14]/D
                            (rising edge-triggered cell FDPE clocked by sys_clk_pin  {rise@0.000ns fall@5.000ns period=10.000ns})
  Path Group:             (none)
  Path Type:              Setup (Max at Slow Process Corner)
  Data Path Delay:        8.482ns  (logic 2.621ns (30.901%)  route 5.861ns (69.099%))
  Logic Levels:           6  (CARRY4=4 IBUF=1 LUT4=1)
  Clock Path Skew:        4.784ns (DCD - SCD + CPR)
    Destination Clock Delay (DCD):    4.784ns
    Source Clock Delay      (SCD):    0.000ns
    Clock Pessimism Removal (CPR):    0.000ns
  Clock Uncertainty:      0.025ns  ((TSJ^2 + TIJ^2)^1/2 + DJ) / 2 + PE
    Total System Jitter     (TSJ):    0.050ns
    Total Input Jitter      (TIJ):    0.000ns
    Discrete Jitter          (DJ):    0.000ns
    Phase Error              (PE):    0.000ns

    Location             Delay type                Incr(ns)  Path(ns)    Netlist Resource(s)
  -------------------------------------------------------------------    -------------------
    V15                                               0.000     0.000 f  sw_angle1 (IN)
                         net (fo=0)                   0.000     0.000    sw_angle1
    V15                  IBUF (Prop_ibuf_I_O)         1.466     1.466 f  sw_angle1_IBUF_inst/O
                         net (fo=33, routed)          5.317     6.783    ldrs_inst/sw_angle1_IBUF
    SLICE_X57Y89         LUT4 (Prop_lut4_I2_O)        0.124     6.907 r  ldrs_inst/pulse_length[2]_i_4__0/O
                         net (fo=1, routed)           0.544     7.451    motores_inst/motor1_controller/pulse_length_reg[5]_0
    SLICE_X57Y90         CARRY4 (Prop_carry4_CYINIT_CO[3])
                                                      0.580     8.031 r  motores_inst/motor1_controller/pulse_length_reg[2]_i_2__0/CO[3]
                         net (fo=1, routed)           0.000     8.031    motores_inst/motor1_controller/pulse_length_reg[2]_i_2__0_n_0
    SLICE_X57Y91         CARRY4 (Prop_carry4_CI_CO[3])
                                                      0.114     8.145 r  motores_inst/motor1_controller/pulse_length_reg[6]_i_1__0/CO[3]
                         net (fo=1, routed)           0.000     8.145    motores_inst/motor1_controller/pulse_length_reg[6]_i_1__0_n_0
    SLICE_X57Y92         CARRY4 (Prop_carry4_CI_CO[3])
                                                      0.114     8.259 r  motores_inst/motor1_controller/pulse_length_reg[10]_i_1__0/CO[3]
                         net (fo=1, routed)           0.000     8.259    motores_inst/motor1_controller/pulse_length_reg[10]_i_1__0_n_0
    SLICE_X57Y93         CARRY4 (Prop_carry4_CI_O[0])
                                                      0.223     8.482 r  motores_inst/motor1_controller/pulse_length_reg[14]_i_1__0/O[0]
                         net (fo=1, routed)           0.000     8.482    motores_inst/motor1_controller/pulse_length_reg[14]_i_1__0_n_7
    SLICE_X57Y93         FDPE                                         r  motores_inst/motor1_controller/pulse_length_reg[14]/D
  -------------------------------------------------------------------    -------------------

                         (clock sys_clk_pin rise edge)
                                                      0.000     0.000 r  
    W5                                                0.000     0.000 r  clk (IN)
                         net (fo=0)                   0.000     0.000    clk
    W5                   IBUF (Prop_ibuf_I_O)         1.388     1.388 r  clk_IBUF_inst/O
                         net (fo=1, routed)           1.862     3.250    clk_IBUF
    BUFGCTRL_X0Y0        BUFG (Prop_bufg_I_O)         0.091     3.341 r  clk_IBUF_BUFG_inst/O
                         net (fo=212, routed)         1.443     4.784    motores_inst/motor1_controller/CLK
    SLICE_X57Y93         FDPE                                         r  motores_inst/motor1_controller/pulse_length_reg[14]/C

Slack:                    inf
  Source:                 sw_angle1
                            (input port)
  Destination:            motores_inst/motor1_controller/pulse_length_reg[11]/D
                            (rising edge-triggered cell FDPE clocked by sys_clk_pin  {rise@0.000ns fall@5.000ns period=10.000ns})
  Path Group:             (none)
  Path Type:              Setup (Max at Slow Process Corner)
  Data Path Delay:        8.479ns  (logic 2.618ns (30.876%)  route 5.861ns (69.124%))
  Logic Levels:           5  (CARRY4=3 IBUF=1 LUT4=1)
  Clock Path Skew:        4.783ns (DCD - SCD + CPR)
    Destination Clock Delay (DCD):    4.783ns
    Source Clock Delay      (SCD):    0.000ns
    Clock Pessimism Removal (CPR):    0.000ns
  Clock Uncertainty:      0.025ns  ((TSJ^2 + TIJ^2)^1/2 + DJ) / 2 + PE
    Total System Jitter     (TSJ):    0.050ns
    Total Input Jitter      (TIJ):    0.000ns
    Discrete Jitter          (DJ):    0.000ns
    Phase Error              (PE):    0.000ns

    Location             Delay type                Incr(ns)  Path(ns)    Netlist Resource(s)
  -------------------------------------------------------------------    -------------------
    V15                                               0.000     0.000 f  sw_angle1 (IN)
                         net (fo=0)                   0.000     0.000    sw_angle1
    V15                  IBUF (Prop_ibuf_I_O)         1.466     1.466 f  sw_angle1_IBUF_inst/O
                         net (fo=33, routed)          5.317     6.783    ldrs_inst/sw_angle1_IBUF
    SLICE_X57Y89         LUT4 (Prop_lut4_I2_O)        0.124     6.907 r  ldrs_inst/pulse_length[2]_i_4__0/O
                         net (fo=1, routed)           0.544     7.451    motores_inst/motor1_controller/pulse_length_reg[5]_0
    SLICE_X57Y90         CARRY4 (Prop_carry4_CYINIT_CO[3])
                                                      0.580     8.031 r  motores_inst/motor1_controller/pulse_length_reg[2]_i_2__0/CO[3]
                         net (fo=1, routed)           0.000     8.031    motores_inst/motor1_controller/pulse_length_reg[2]_i_2__0_n_0
    SLICE_X57Y91         CARRY4 (Prop_carry4_CI_CO[3])
                                                      0.114     8.145 r  motores_inst/motor1_controller/pulse_length_reg[6]_i_1__0/CO[3]
                         net (fo=1, routed)           0.000     8.145    motores_inst/motor1_controller/pulse_length_reg[6]_i_1__0_n_0
    SLICE_X57Y92         CARRY4 (Prop_carry4_CI_O[1])
                                                      0.334     8.479 r  motores_inst/motor1_controller/pulse_length_reg[10]_i_1__0/O[1]
                         net (fo=1, routed)           0.000     8.479    motores_inst/motor1_controller/pulse_length_reg[10]_i_1__0_n_6
    SLICE_X57Y92         FDPE                                         r  motores_inst/motor1_controller/pulse_length_reg[11]/D
  -------------------------------------------------------------------    -------------------

                         (clock sys_clk_pin rise edge)
                                                      0.000     0.000 r  
    W5                                                0.000     0.000 r  clk (IN)
                         net (fo=0)                   0.000     0.000    clk
    W5                   IBUF (Prop_ibuf_I_O)         1.388     1.388 r  clk_IBUF_inst/O
                         net (fo=1, routed)           1.862     3.250    clk_IBUF
    BUFGCTRL_X0Y0        BUFG (Prop_bufg_I_O)         0.091     3.341 r  clk_IBUF_BUFG_inst/O
                         net (fo=212, routed)         1.442     4.783    motores_inst/motor1_controller/CLK
    SLICE_X57Y92         FDPE                                         r  motores_inst/motor1_controller/pulse_length_reg[11]/C

Slack:                    inf
  Source:                 sw_angle1
                            (input port)
  Destination:            motores_inst/motor1_controller/pulse_length_reg[14]/CE
                            (rising edge-triggered cell FDPE clocked by sys_clk_pin  {rise@0.000ns fall@5.000ns period=10.000ns})
  Path Group:             (none)
  Path Type:              Setup (Max at Slow Process Corner)
  Data Path Delay:        8.472ns  (logic 1.942ns (22.922%)  route 6.530ns (77.078%))
  Logic Levels:           3  (IBUF=1 LUT3=1 LUT6=1)
  Clock Path Skew:        4.784ns (DCD - SCD + CPR)
    Destination Clock Delay (DCD):    4.784ns
    Source Clock Delay      (SCD):    0.000ns
    Clock Pessimism Removal (CPR):    0.000ns
  Clock Uncertainty:      0.025ns  ((TSJ^2 + TIJ^2)^1/2 + DJ) / 2 + PE
    Total System Jitter     (TSJ):    0.050ns
    Total Input Jitter      (TIJ):    0.000ns
    Discrete Jitter          (DJ):    0.000ns
    Phase Error              (PE):    0.000ns

    Location             Delay type                Incr(ns)  Path(ns)    Netlist Resource(s)
  -------------------------------------------------------------------    -------------------
    V15                                               0.000     0.000 r  sw_angle1 (IN)
                         net (fo=0)                   0.000     0.000    sw_angle1
    V15                  IBUF (Prop_ibuf_I_O)         1.466     1.466 r  sw_angle1_IBUF_inst/O
                         net (fo=33, routed)          5.383     6.849    ldrs_inst/sw_angle1_IBUF
    SLICE_X58Y89         LUT3 (Prop_lut3_I2_O)        0.150     6.999 r  ldrs_inst/pulse_length[2]_i_3__0/O
                         net (fo=1, routed)           0.502     7.501    motores_inst/motor1_controller/pulse_length_reg[2]_0
    SLICE_X57Y89         LUT6 (Prop_lut6_I4_O)        0.326     7.827 r  motores_inst/motor1_controller/pulse_length[2]_i_1__0/O
                         net (fo=16, routed)          0.646     8.472    motores_inst/motor1_controller/pulse_length
    SLICE_X57Y93         FDPE                                         r  motores_inst/motor1_controller/pulse_length_reg[14]/CE
  -------------------------------------------------------------------    -------------------

                         (clock sys_clk_pin rise edge)
                                                      0.000     0.000 r  
    W5                                                0.000     0.000 r  clk (IN)
                         net (fo=0)                   0.000     0.000    clk
    W5                   IBUF (Prop_ibuf_I_O)         1.388     1.388 r  clk_IBUF_inst/O
                         net (fo=1, routed)           1.862     3.250    clk_IBUF
    BUFGCTRL_X0Y0        BUFG (Prop_bufg_I_O)         0.091     3.341 r  clk_IBUF_BUFG_inst/O
                         net (fo=212, routed)         1.443     4.784    motores_inst/motor1_controller/CLK
    SLICE_X57Y93         FDPE                                         r  motores_inst/motor1_controller/pulse_length_reg[14]/C

Slack:                    inf
  Source:                 sw_angle1
                            (input port)
  Destination:            motores_inst/motor1_controller/pulse_length_reg[15]/CE
                            (rising edge-triggered cell FDCE clocked by sys_clk_pin  {rise@0.000ns fall@5.000ns period=10.000ns})
  Path Group:             (none)
  Path Type:              Setup (Max at Slow Process Corner)
  Data Path Delay:        8.472ns  (logic 1.942ns (22.922%)  route 6.530ns (77.078%))
  Logic Levels:           3  (IBUF=1 LUT3=1 LUT6=1)
  Clock Path Skew:        4.784ns (DCD - SCD + CPR)
    Destination Clock Delay (DCD):    4.784ns
    Source Clock Delay      (SCD):    0.000ns
    Clock Pessimism Removal (CPR):    0.000ns
  Clock Uncertainty:      0.025ns  ((TSJ^2 + TIJ^2)^1/2 + DJ) / 2 + PE
    Total System Jitter     (TSJ):    0.050ns
    Total Input Jitter      (TIJ):    0.000ns
    Discrete Jitter          (DJ):    0.000ns
    Phase Error              (PE):    0.000ns

    Location             Delay type                Incr(ns)  Path(ns)    Netlist Resource(s)
  -------------------------------------------------------------------    -------------------
    V15                                               0.000     0.000 r  sw_angle1 (IN)
                         net (fo=0)                   0.000     0.000    sw_angle1
    V15                  IBUF (Prop_ibuf_I_O)         1.466     1.466 r  sw_angle1_IBUF_inst/O
                         net (fo=33, routed)          5.383     6.849    ldrs_inst/sw_angle1_IBUF
    SLICE_X58Y89         LUT3 (Prop_lut3_I2_O)        0.150     6.999 r  ldrs_inst/pulse_length[2]_i_3__0/O
                         net (fo=1, routed)           0.502     7.501    motores_inst/motor1_controller/pulse_length_reg[2]_0
    SLICE_X57Y89         LUT6 (Prop_lut6_I4_O)        0.326     7.827 r  motores_inst/motor1_controller/pulse_length[2]_i_1__0/O
                         net (fo=16, routed)          0.646     8.472    motores_inst/motor1_controller/pulse_length
    SLICE_X57Y93         FDCE                                         r  motores_inst/motor1_controller/pulse_length_reg[15]/CE
  -------------------------------------------------------------------    -------------------

                         (clock sys_clk_pin rise edge)
                                                      0.000     0.000 r  
    W5                                                0.000     0.000 r  clk (IN)
                         net (fo=0)                   0.000     0.000    clk
    W5                   IBUF (Prop_ibuf_I_O)         1.388     1.388 r  clk_IBUF_inst/O
                         net (fo=1, routed)           1.862     3.250    clk_IBUF
    BUFGCTRL_X0Y0        BUFG (Prop_bufg_I_O)         0.091     3.341 r  clk_IBUF_BUFG_inst/O
                         net (fo=212, routed)         1.443     4.784    motores_inst/motor1_controller/CLK
    SLICE_X57Y93         FDCE                                         r  motores_inst/motor1_controller/pulse_length_reg[15]/C

Slack:                    inf
  Source:                 sw_angle1
                            (input port)
  Destination:            motores_inst/motor1_controller/pulse_length_reg[16]/CE
                            (rising edge-triggered cell FDCE clocked by sys_clk_pin  {rise@0.000ns fall@5.000ns period=10.000ns})
  Path Group:             (none)
  Path Type:              Setup (Max at Slow Process Corner)
  Data Path Delay:        8.472ns  (logic 1.942ns (22.922%)  route 6.530ns (77.078%))
  Logic Levels:           3  (IBUF=1 LUT3=1 LUT6=1)
  Clock Path Skew:        4.784ns (DCD - SCD + CPR)
    Destination Clock Delay (DCD):    4.784ns
    Source Clock Delay      (SCD):    0.000ns
    Clock Pessimism Removal (CPR):    0.000ns
  Clock Uncertainty:      0.025ns  ((TSJ^2 + TIJ^2)^1/2 + DJ) / 2 + PE
    Total System Jitter     (TSJ):    0.050ns
    Total Input Jitter      (TIJ):    0.000ns
    Discrete Jitter          (DJ):    0.000ns
    Phase Error              (PE):    0.000ns

    Location             Delay type                Incr(ns)  Path(ns)    Netlist Resource(s)
  -------------------------------------------------------------------    -------------------
    V15                                               0.000     0.000 r  sw_angle1 (IN)
                         net (fo=0)                   0.000     0.000    sw_angle1
    V15                  IBUF (Prop_ibuf_I_O)         1.466     1.466 r  sw_angle1_IBUF_inst/O
                         net (fo=33, routed)          5.383     6.849    ldrs_inst/sw_angle1_IBUF
    SLICE_X58Y89         LUT3 (Prop_lut3_I2_O)        0.150     6.999 r  ldrs_inst/pulse_length[2]_i_3__0/O
                         net (fo=1, routed)           0.502     7.501    motores_inst/motor1_controller/pulse_length_reg[2]_0
    SLICE_X57Y89         LUT6 (Prop_lut6_I4_O)        0.326     7.827 r  motores_inst/motor1_controller/pulse_length[2]_i_1__0/O
                         net (fo=16, routed)          0.646     8.472    motores_inst/motor1_controller/pulse_length
    SLICE_X57Y93         FDCE                                         r  motores_inst/motor1_controller/pulse_length_reg[16]/CE
  -------------------------------------------------------------------    -------------------

                         (clock sys_clk_pin rise edge)
                                                      0.000     0.000 r  
    W5                                                0.000     0.000 r  clk (IN)
                         net (fo=0)                   0.000     0.000    clk
    W5                   IBUF (Prop_ibuf_I_O)         1.388     1.388 r  clk_IBUF_inst/O
                         net (fo=1, routed)           1.862     3.250    clk_IBUF
    BUFGCTRL_X0Y0        BUFG (Prop_bufg_I_O)         0.091     3.341 r  clk_IBUF_BUFG_inst/O
                         net (fo=212, routed)         1.443     4.784    motores_inst/motor1_controller/CLK
    SLICE_X57Y93         FDCE                                         r  motores_inst/motor1_controller/pulse_length_reg[16]/C





Min Delay Paths
--------------------------------------------------------------------------------------
Slack:                    inf
  Source:                 ldrs_inst/adc_inst/data_out_reg[6]/C
                            (rising edge-triggered cell FDRE)
  Destination:            ldrs_inst/dataO_reg[6]/D
                            (rising edge-triggered cell FDRE clocked by sys_clk_pin  {rise@0.000ns fall@5.000ns period=10.000ns})
  Path Group:             (none)
  Path Type:              Hold (Min at Fast Process Corner)
  Data Path Delay:        0.309ns  (logic 0.128ns (41.485%)  route 0.181ns (58.515%))
  Logic Levels:           1  (FDRE=1)
  Clock Uncertainty:      0.025ns  ((TSJ^2 + TIJ^2)^1/2 + DJ) / 2 + PE
    Total System Jitter     (TSJ):    0.050ns
    Total Input Jitter      (TIJ):    0.000ns
    Discrete Jitter          (DJ):    0.000ns
    Phase Error              (PE):    0.000ns

    Location             Delay type                Incr(ns)  Path(ns)    Netlist Resource(s)
  -------------------------------------------------------------------    -------------------
    SLICE_X62Y98         FDRE                         0.000     0.000 r  ldrs_inst/adc_inst/data_out_reg[6]/C
    SLICE_X62Y98         FDRE (Prop_fdre_C_Q)         0.128     0.128 r  ldrs_inst/adc_inst/data_out_reg[6]/Q
                         net (fo=4, routed)           0.181     0.309    ldrs_inst/data_out[6]
    SLICE_X64Y96         FDRE                                         r  ldrs_inst/dataO_reg[6]/D
  -------------------------------------------------------------------    -------------------

                         (clock sys_clk_pin rise edge)
                                                      0.000     0.000 r  
    W5                                                0.000     0.000 r  clk (IN)
                         net (fo=0)                   0.000     0.000    clk
    W5                   IBUF (Prop_ibuf_I_O)         0.414     0.414 r  clk_IBUF_inst/O
                         net (fo=1, routed)           0.685     1.099    clk_IBUF
    BUFGCTRL_X0Y0        BUFG (Prop_bufg_I_O)         0.029     1.128 r  clk_IBUF_BUFG_inst/O
                         net (fo=212, routed)         0.863     1.991    ldrs_inst/clk_IBUF_BUFG
    SLICE_X64Y96         FDRE                                         r  ldrs_inst/dataO_reg[6]/C

Slack:                    inf
  Source:                 ldrs_inst/adc_inst/data_out_reg[8]/C
                            (rising edge-triggered cell FDRE)
  Destination:            ldrs_inst/dataE_reg[8]/D
                            (rising edge-triggered cell FDRE clocked by sys_clk_pin  {rise@0.000ns fall@5.000ns period=10.000ns})
  Path Group:             (none)
  Path Type:              Hold (Min at Fast Process Corner)
  Data Path Delay:        0.322ns  (logic 0.141ns (43.750%)  route 0.181ns (56.250%))
  Logic Levels:           1  (FDRE=1)
  Clock Uncertainty:      0.025ns  ((TSJ^2 + TIJ^2)^1/2 + DJ) / 2 + PE
    Total System Jitter     (TSJ):    0.050ns
    Total Input Jitter      (TIJ):    0.000ns
    Discrete Jitter          (DJ):    0.000ns
    Phase Error              (PE):    0.000ns

    Location             Delay type                Incr(ns)  Path(ns)    Netlist Resource(s)
  -------------------------------------------------------------------    -------------------
    SLICE_X61Y98         FDRE                         0.000     0.000 r  ldrs_inst/adc_inst/data_out_reg[8]/C
    SLICE_X61Y98         FDRE (Prop_fdre_C_Q)         0.141     0.141 r  ldrs_inst/adc_inst/data_out_reg[8]/Q
                         net (fo=4, routed)           0.181     0.322    ldrs_inst/data_out[8]
    SLICE_X64Y97         FDRE                                         r  ldrs_inst/dataE_reg[8]/D
  -------------------------------------------------------------------    -------------------

                         (clock sys_clk_pin rise edge)
                                                      0.000     0.000 r  
    W5                                                0.000     0.000 r  clk (IN)
                         net (fo=0)                   0.000     0.000    clk
    W5                   IBUF (Prop_ibuf_I_O)         0.414     0.414 r  clk_IBUF_inst/O
                         net (fo=1, routed)           0.685     1.099    clk_IBUF
    BUFGCTRL_X0Y0        BUFG (Prop_bufg_I_O)         0.029     1.128 r  clk_IBUF_BUFG_inst/O
                         net (fo=212, routed)         0.864     1.992    ldrs_inst/clk_IBUF_BUFG
    SLICE_X64Y97         FDRE                                         r  ldrs_inst/dataE_reg[8]/C

Slack:                    inf
  Source:                 ldrs_inst/adc_inst/data_out_reg[5]/C
                            (rising edge-triggered cell FDRE)
  Destination:            ldrs_inst/dataS_reg[5]/D
                            (rising edge-triggered cell FDRE clocked by sys_clk_pin  {rise@0.000ns fall@5.000ns period=10.000ns})
  Path Group:             (none)
  Path Type:              Hold (Min at Fast Process Corner)
  Data Path Delay:        0.324ns  (logic 0.141ns (43.556%)  route 0.183ns (56.444%))
  Logic Levels:           1  (FDRE=1)
  Clock Uncertainty:      0.025ns  ((TSJ^2 + TIJ^2)^1/2 + DJ) / 2 + PE
    Total System Jitter     (TSJ):    0.050ns
    Total Input Jitter      (TIJ):    0.000ns
    Discrete Jitter          (DJ):    0.000ns
    Phase Error              (PE):    0.000ns

    Location             Delay type                Incr(ns)  Path(ns)    Netlist Resource(s)
  -------------------------------------------------------------------    -------------------
    SLICE_X61Y98         FDRE                         0.000     0.000 r  ldrs_inst/adc_inst/data_out_reg[5]/C
    SLICE_X61Y98         FDRE (Prop_fdre_C_Q)         0.141     0.141 r  ldrs_inst/adc_inst/data_out_reg[5]/Q
                         net (fo=4, routed)           0.183     0.324    ldrs_inst/data_out[5]
    SLICE_X59Y97         FDRE                                         r  ldrs_inst/dataS_reg[5]/D
  -------------------------------------------------------------------    -------------------

                         (clock sys_clk_pin rise edge)
                                                      0.000     0.000 r  
    W5                                                0.000     0.000 r  clk (IN)
                         net (fo=0)                   0.000     0.000    clk
    W5                   IBUF (Prop_ibuf_I_O)         0.414     0.414 r  clk_IBUF_inst/O
                         net (fo=1, routed)           0.685     1.099    clk_IBUF
    BUFGCTRL_X0Y0        BUFG (Prop_bufg_I_O)         0.029     1.128 r  clk_IBUF_BUFG_inst/O
                         net (fo=212, routed)         0.863     1.990    ldrs_inst/clk_IBUF_BUFG
    SLICE_X59Y97         FDRE                                         r  ldrs_inst/dataS_reg[5]/C

Slack:                    inf
  Source:                 ldrs_inst/adc_inst/data_out_reg[0]/C
                            (rising edge-triggered cell FDRE)
  Destination:            ldrs_inst/dataS_reg[0]/D
                            (rising edge-triggered cell FDRE clocked by sys_clk_pin  {rise@0.000ns fall@5.000ns period=10.000ns})
  Path Group:             (none)
  Path Type:              Hold (Min at Fast Process Corner)
  Data Path Delay:        0.327ns  (logic 0.141ns (43.104%)  route 0.186ns (56.896%))
  Logic Levels:           1  (FDRE=1)
  Clock Uncertainty:      0.025ns  ((TSJ^2 + TIJ^2)^1/2 + DJ) / 2 + PE
    Total System Jitter     (TSJ):    0.050ns
    Total Input Jitter      (TIJ):    0.000ns
    Discrete Jitter          (DJ):    0.000ns
    Phase Error              (PE):    0.000ns

    Location             Delay type                Incr(ns)  Path(ns)    Netlist Resource(s)
  -------------------------------------------------------------------    -------------------
    SLICE_X62Y98         FDRE                         0.000     0.000 r  ldrs_inst/adc_inst/data_out_reg[0]/C
    SLICE_X62Y98         FDRE (Prop_fdre_C_Q)         0.141     0.141 r  ldrs_inst/adc_inst/data_out_reg[0]/Q
                         net (fo=4, routed)           0.186     0.327    ldrs_inst/data_out[0]
    SLICE_X59Y96         FDRE                                         r  ldrs_inst/dataS_reg[0]/D
  -------------------------------------------------------------------    -------------------

                         (clock sys_clk_pin rise edge)
                                                      0.000     0.000 r  
    W5                                                0.000     0.000 r  clk (IN)
                         net (fo=0)                   0.000     0.000    clk
    W5                   IBUF (Prop_ibuf_I_O)         0.414     0.414 r  clk_IBUF_inst/O
                         net (fo=1, routed)           0.685     1.099    clk_IBUF
    BUFGCTRL_X0Y0        BUFG (Prop_bufg_I_O)         0.029     1.128 r  clk_IBUF_BUFG_inst/O
                         net (fo=212, routed)         0.861     1.989    ldrs_inst/clk_IBUF_BUFG
    SLICE_X59Y96         FDRE                                         r  ldrs_inst/dataS_reg[0]/C

Slack:                    inf
  Source:                 ldrs_inst/adc_inst/data_out_reg[6]/C
                            (rising edge-triggered cell FDRE)
  Destination:            ldrs_inst/dataE_reg[6]/D
                            (rising edge-triggered cell FDRE clocked by sys_clk_pin  {rise@0.000ns fall@5.000ns period=10.000ns})
  Path Group:             (none)
  Path Type:              Hold (Min at Fast Process Corner)
  Data Path Delay:        0.339ns  (logic 0.128ns (37.778%)  route 0.211ns (62.222%))
  Logic Levels:           1  (FDRE=1)
  Clock Uncertainty:      0.025ns  ((TSJ^2 + TIJ^2)^1/2 + DJ) / 2 + PE
    Total System Jitter     (TSJ):    0.050ns
    Total Input Jitter      (TIJ):    0.000ns
    Discrete Jitter          (DJ):    0.000ns
    Phase Error              (PE):    0.000ns

    Location             Delay type                Incr(ns)  Path(ns)    Netlist Resource(s)
  -------------------------------------------------------------------    -------------------
    SLICE_X62Y98         FDRE                         0.000     0.000 r  ldrs_inst/adc_inst/data_out_reg[6]/C
    SLICE_X62Y98         FDRE (Prop_fdre_C_Q)         0.128     0.128 r  ldrs_inst/adc_inst/data_out_reg[6]/Q
                         net (fo=4, routed)           0.211     0.339    ldrs_inst/data_out[6]
    SLICE_X62Y96         FDRE                                         r  ldrs_inst/dataE_reg[6]/D
  -------------------------------------------------------------------    -------------------

                         (clock sys_clk_pin rise edge)
                                                      0.000     0.000 r  
    W5                                                0.000     0.000 r  clk (IN)
                         net (fo=0)                   0.000     0.000    clk
    W5                   IBUF (Prop_ibuf_I_O)         0.414     0.414 r  clk_IBUF_inst/O
                         net (fo=1, routed)           0.685     1.099    clk_IBUF
    BUFGCTRL_X0Y0        BUFG (Prop_bufg_I_O)         0.029     1.128 r  clk_IBUF_BUFG_inst/O
                         net (fo=212, routed)         0.863     1.991    ldrs_inst/clk_IBUF_BUFG
    SLICE_X62Y96         FDRE                                         r  ldrs_inst/dataE_reg[6]/C

Slack:                    inf
  Source:                 ldrs_inst/adc_inst/data_out_reg[7]/C
                            (rising edge-triggered cell FDRE)
  Destination:            ldrs_inst/dataS_reg[7]/D
                            (rising edge-triggered cell FDRE clocked by sys_clk_pin  {rise@0.000ns fall@5.000ns period=10.000ns})
  Path Group:             (none)
  Path Type:              Hold (Min at Fast Process Corner)
  Data Path Delay:        0.340ns  (logic 0.128ns (37.680%)  route 0.212ns (62.320%))
  Logic Levels:           1  (FDRE=1)
  Clock Uncertainty:      0.025ns  ((TSJ^2 + TIJ^2)^1/2 + DJ) / 2 + PE
    Total System Jitter     (TSJ):    0.050ns
    Total Input Jitter      (TIJ):    0.000ns
    Discrete Jitter          (DJ):    0.000ns
    Phase Error              (PE):    0.000ns

    Location             Delay type                Incr(ns)  Path(ns)    Netlist Resource(s)
  -------------------------------------------------------------------    -------------------
    SLICE_X62Y98         FDRE                         0.000     0.000 r  ldrs_inst/adc_inst/data_out_reg[7]/C
    SLICE_X62Y98         FDRE (Prop_fdre_C_Q)         0.128     0.128 r  ldrs_inst/adc_inst/data_out_reg[7]/Q
                         net (fo=4, routed)           0.212     0.340    ldrs_inst/data_out[7]
    SLICE_X59Y96         FDRE                                         r  ldrs_inst/dataS_reg[7]/D
  -------------------------------------------------------------------    -------------------

                         (clock sys_clk_pin rise edge)
                                                      0.000     0.000 r  
    W5                                                0.000     0.000 r  clk (IN)
                         net (fo=0)                   0.000     0.000    clk
    W5                   IBUF (Prop_ibuf_I_O)         0.414     0.414 r  clk_IBUF_inst/O
                         net (fo=1, routed)           0.685     1.099    clk_IBUF
    BUFGCTRL_X0Y0        BUFG (Prop_bufg_I_O)         0.029     1.128 r  clk_IBUF_BUFG_inst/O
                         net (fo=212, routed)         0.861     1.989    ldrs_inst/clk_IBUF_BUFG
    SLICE_X59Y96         FDRE                                         r  ldrs_inst/dataS_reg[7]/C

Slack:                    inf
  Source:                 ldrs_inst/adc_inst/data_out_reg[8]/C
                            (rising edge-triggered cell FDRE)
  Destination:            ldrs_inst/dataS_reg[8]/D
                            (rising edge-triggered cell FDRE clocked by sys_clk_pin  {rise@0.000ns fall@5.000ns period=10.000ns})
  Path Group:             (none)
  Path Type:              Hold (Min at Fast Process Corner)
  Data Path Delay:        0.342ns  (logic 0.141ns (41.249%)  route 0.201ns (58.751%))
  Logic Levels:           1  (FDRE=1)
  Clock Uncertainty:      0.025ns  ((TSJ^2 + TIJ^2)^1/2 + DJ) / 2 + PE
    Total System Jitter     (TSJ):    0.050ns
    Total Input Jitter      (TIJ):    0.000ns
    Discrete Jitter          (DJ):    0.000ns
    Phase Error              (PE):    0.000ns

    Location             Delay type                Incr(ns)  Path(ns)    Netlist Resource(s)
  -------------------------------------------------------------------    -------------------
    SLICE_X61Y98         FDRE                         0.000     0.000 r  ldrs_inst/adc_inst/data_out_reg[8]/C
    SLICE_X61Y98         FDRE (Prop_fdre_C_Q)         0.141     0.141 r  ldrs_inst/adc_inst/data_out_reg[8]/Q
                         net (fo=4, routed)           0.201     0.342    ldrs_inst/data_out[8]
    SLICE_X59Y97         FDRE                                         r  ldrs_inst/dataS_reg[8]/D
  -------------------------------------------------------------------    -------------------

                         (clock sys_clk_pin rise edge)
                                                      0.000     0.000 r  
    W5                                                0.000     0.000 r  clk (IN)
                         net (fo=0)                   0.000     0.000    clk
    W5                   IBUF (Prop_ibuf_I_O)         0.414     0.414 r  clk_IBUF_inst/O
                         net (fo=1, routed)           0.685     1.099    clk_IBUF
    BUFGCTRL_X0Y0        BUFG (Prop_bufg_I_O)         0.029     1.128 r  clk_IBUF_BUFG_inst/O
                         net (fo=212, routed)         0.863     1.990    ldrs_inst/clk_IBUF_BUFG
    SLICE_X59Y97         FDRE                                         r  ldrs_inst/dataS_reg[8]/C

Slack:                    inf
  Source:                 ldrs_inst/adc_inst/data_out_reg[0]/C
                            (rising edge-triggered cell FDRE)
  Destination:            ldrs_inst/dataO_reg[0]/D
                            (rising edge-triggered cell FDRE clocked by sys_clk_pin  {rise@0.000ns fall@5.000ns period=10.000ns})
  Path Group:             (none)
  Path Type:              Hold (Min at Fast Process Corner)
  Data Path Delay:        0.354ns  (logic 0.141ns (39.820%)  route 0.213ns (60.180%))
  Logic Levels:           1  (FDRE=1)
  Clock Uncertainty:      0.025ns  ((TSJ^2 + TIJ^2)^1/2 + DJ) / 2 + PE
    Total System Jitter     (TSJ):    0.050ns
    Total Input Jitter      (TIJ):    0.000ns
    Discrete Jitter          (DJ):    0.000ns
    Phase Error              (PE):    0.000ns

    Location             Delay type                Incr(ns)  Path(ns)    Netlist Resource(s)
  -------------------------------------------------------------------    -------------------
    SLICE_X62Y98         FDRE                         0.000     0.000 r  ldrs_inst/adc_inst/data_out_reg[0]/C
    SLICE_X62Y98         FDRE (Prop_fdre_C_Q)         0.141     0.141 r  ldrs_inst/adc_inst/data_out_reg[0]/Q
                         net (fo=4, routed)           0.213     0.354    ldrs_inst/data_out[0]
    SLICE_X62Y95         FDRE                                         r  ldrs_inst/dataO_reg[0]/D
  -------------------------------------------------------------------    -------------------

                         (clock sys_clk_pin rise edge)
                                                      0.000     0.000 r  
    W5                                                0.000     0.000 r  clk (IN)
                         net (fo=0)                   0.000     0.000    clk
    W5                   IBUF (Prop_ibuf_I_O)         0.414     0.414 r  clk_IBUF_inst/O
                         net (fo=1, routed)           0.685     1.099    clk_IBUF
    BUFGCTRL_X0Y0        BUFG (Prop_bufg_I_O)         0.029     1.128 r  clk_IBUF_BUFG_inst/O
                         net (fo=212, routed)         0.863     1.991    ldrs_inst/clk_IBUF_BUFG
    SLICE_X62Y95         FDRE                                         r  ldrs_inst/dataO_reg[0]/C

Slack:                    inf
  Source:                 ldrs_inst/adc_inst/done_s_reg/C
                            (rising edge-triggered cell FDRE)
  Destination:            ldrs_inst/FSM_sequential_state_reg[0]/D
                            (rising edge-triggered cell FDRE clocked by sys_clk_pin  {rise@0.000ns fall@5.000ns period=10.000ns})
  Path Group:             (none)
  Path Type:              Hold (Min at Fast Process Corner)
  Data Path Delay:        0.356ns  (logic 0.186ns (52.289%)  route 0.170ns (47.711%))
  Logic Levels:           2  (FDRE=1 LUT2=1)
  Clock Uncertainty:      0.025ns  ((TSJ^2 + TIJ^2)^1/2 + DJ) / 2 + PE
    Total System Jitter     (TSJ):    0.050ns
    Total Input Jitter      (TIJ):    0.000ns
    Discrete Jitter          (DJ):    0.000ns
    Phase Error              (PE):    0.000ns

    Location             Delay type                Incr(ns)  Path(ns)    Netlist Resource(s)
  -------------------------------------------------------------------    -------------------
    SLICE_X61Y99         FDRE                         0.000     0.000 r  ldrs_inst/adc_inst/done_s_reg/C
    SLICE_X61Y99         FDRE (Prop_fdre_C_Q)         0.141     0.141 f  ldrs_inst/adc_inst/done_s_reg/Q
                         net (fo=8, routed)           0.170     0.311    ldrs_inst/adc_inst/done
    SLICE_X60Y98         LUT2 (Prop_lut2_I0_O)        0.045     0.356 r  ldrs_inst/adc_inst/FSM_sequential_state[0]_i_1/O
                         net (fo=1, routed)           0.000     0.356    ldrs_inst/adc_inst_n_4
    SLICE_X60Y98         FDRE                                         r  ldrs_inst/FSM_sequential_state_reg[0]/D
  -------------------------------------------------------------------    -------------------

                         (clock sys_clk_pin rise edge)
                                                      0.000     0.000 r  
    W5                                                0.000     0.000 r  clk (IN)
                         net (fo=0)                   0.000     0.000    clk
    W5                   IBUF (Prop_ibuf_I_O)         0.414     0.414 r  clk_IBUF_inst/O
                         net (fo=1, routed)           0.685     1.099    clk_IBUF
    BUFGCTRL_X0Y0        BUFG (Prop_bufg_I_O)         0.029     1.128 r  clk_IBUF_BUFG_inst/O
                         net (fo=212, routed)         0.863     1.990    ldrs_inst/clk_IBUF_BUFG
    SLICE_X60Y98         FDRE                                         r  ldrs_inst/FSM_sequential_state_reg[0]/C

Slack:                    inf
  Source:                 ldrs_inst/adc_inst/data_out_reg[9]/C
                            (rising edge-triggered cell FDRE)
  Destination:            ldrs_inst/dataN_reg[9]/D
                            (rising edge-triggered cell FDRE clocked by sys_clk_pin  {rise@0.000ns fall@5.000ns period=10.000ns})
  Path Group:             (none)
  Path Type:              Hold (Min at Fast Process Corner)
  Data Path Delay:        0.364ns  (logic 0.141ns (38.755%)  route 0.223ns (61.245%))
  Logic Levels:           1  (FDRE=1)
  Clock Uncertainty:      0.025ns  ((TSJ^2 + TIJ^2)^1/2 + DJ) / 2 + PE
    Total System Jitter     (TSJ):    0.050ns
    Total Input Jitter      (TIJ):    0.000ns
    Discrete Jitter          (DJ):    0.000ns
    Phase Error              (PE):    0.000ns

    Location             Delay type                Incr(ns)  Path(ns)    Netlist Resource(s)
  -------------------------------------------------------------------    -------------------
    SLICE_X61Y98         FDRE                         0.000     0.000 r  ldrs_inst/adc_inst/data_out_reg[9]/C
    SLICE_X61Y98         FDRE (Prop_fdre_C_Q)         0.141     0.141 r  ldrs_inst/adc_inst/data_out_reg[9]/Q
                         net (fo=4, routed)           0.223     0.364    ldrs_inst/data_out[9]
    SLICE_X58Y97         FDRE                                         r  ldrs_inst/dataN_reg[9]/D
  -------------------------------------------------------------------    -------------------

                         (clock sys_clk_pin rise edge)
                                                      0.000     0.000 r  
    W5                                                0.000     0.000 r  clk (IN)
                         net (fo=0)                   0.000     0.000    clk
    W5                   IBUF (Prop_ibuf_I_O)         0.414     0.414 r  clk_IBUF_inst/O
                         net (fo=1, routed)           0.685     1.099    clk_IBUF
    BUFGCTRL_X0Y0        BUFG (Prop_bufg_I_O)         0.029     1.128 r  clk_IBUF_BUFG_inst/O
                         net (fo=212, routed)         0.863     1.990    ldrs_inst/clk_IBUF_BUFG
    SLICE_X58Y97         FDRE                                         r  ldrs_inst/dataN_reg[9]/C





